528310,22796,PHOTO FRAME 3 CLASSIC HANGING,24,2010/10/21 12:14,8.5,14156,EIRE
524863,21408,SPOTTY PINK DUCK DOORSTOP,3,2010/10/1 8:57,4.25,12817,Austria
533658,22568,FELTCRAFT CUSHION OWL,4,2010/11/18 13:04,3.75,14614,United Kingdom
509751,21121,SET/10 RED SPOTTY PARTY CANDLES,24,2010/5/25 14:09,1.25,14744,United Kingdom
502419,22466,FAIRY TALE COTTAGE NIGHTLIGHT,1,2010/3/24 12:15,1.95,16300,United Kingdom
513401,21258,VICTORIAN SEWING BOX LARGE,1,2010/6/24 11:50,25.49,,United Kingdom
497374,22355,"CHARLOTTE BAG , SUKI DESIGN",10,2010/2/9 10:49,0.85,12645,Germany
511073,21159,MOODY BOY  DOOR HANGER ,2,2010/6/6 13:42,1.45,13614,United Kingdom
530306,22941,CHRISTMAS LIGHTS 10 REINDEER,24,2010/11/2 13:19,7.65,13102,United Kingdom
535253,21324,HANGING MEDINA LANTERN SMALL,1,2010/11/25 13:08,2.95,16874,United Kingdom
535253,21324,HANGING MEDINA LANTERN SMALL,1,2010/11/25 13:08,2.95,16874,United Kingdom
530850,21012,ANTIQUE ALL GLASS CANDLESTICK,4,2010/11/4 14:49,2.51,,United Kingdom
527789,22199,FRYING PAN RED RETROSPOT,1,2010/10/19 11:10,4.21,,United Kingdom
514036,22382,LUNCH BAG SPACEBOY DESIGN ,10,2010/6/30 11:38,1.65,15615,United Kingdom
527349,21262,WHITE GOOSE FEATHER CHRISTMAS TREE ,6,2010/10/15 16:00,2.95,16232,United Kingdom
506117,20986,BLUE CALCULATOR RULER,5,2010/4/27 14:08,1.25,16408,United Kingdom
507564,85019B,BLOSSOM  IMAGES NOTEBOOK SET,3,2010/5/10 12:31,4.25,13711,United Kingdom
533478,85230E,STRAWBRY SCENTED VOTIVE CANDLE,24,2010/11/17 12:58,0.29,15402,United Kingdom
520893,22087,PAPER BUNTING WHITE LACE,3,2010/8/31 17:31,2.95,16819,United Kingdom
535974,84978,HANGING HEART JAR T-LIGHT HOLDER,6,2010/11/29 12:49,1.25,16413,United Kingdom
511969,22195,LARGE HEART MEASURING SPOONS,12,2010/6/11 13:55,1.65,13304,United Kingdom
489597,82583,HOT BATHS METAL SIGN,1,2009/12/1 14:28,4.3,,United Kingdom
514047,21357,TOAST ITS - DINOSAUR,2,2010/6/30 11:43,1.25,16686,United Kingdom
534859,79191D,RETRO PLASTIC DAISY TRAY,4,2010/11/24 13:56,1.66,,United Kingdom
494792,21034,REX CASH+CARRY JUMBO SHOPPER,1,2010/1/18 14:04,0.95,13173,United Kingdom
520500,22660,DOORMAT I LOVE LONDON,1,2010/8/26 12:35,14.43,,United Kingdom
514724,22525,CHILDRENS GARDEN GLOVES PINK,10,2010/7/6 8:46,1.25,16503,United Kingdom
496579,21789,KIDS RAIN MAC PINK,2,2010/2/2 13:48,0.85,12748,United Kingdom
506560,84949,SILVER HANGING T-LIGHT HOLDER,6,2010/4/30 11:57,1.65,15819,United Kingdom
514141,22549,PICTURE DOMINOES,4,2010/6/30 13:50,1.45,15581,United Kingdom
534062,22642,SET OF 4 NAPKIN CHARMS STARS   ,6,2010/11/21 11:03,2.55,16326,United Kingdom
519395,21034,REX CASH+CARRY JUMBO SHOPPER,2,2010/8/16 15:31,0.95,14379,United Kingdom
532994,22799,SWEETHEART WIRE FRUIT BOWL,2,2010/11/15 14:30,8.5,16933,United Kingdom
C506739,M,Manual,-1,2010/5/4 10:30,269.34,14911,EIRE
506444,85060,WOOD FAN WITH FLOWER DESIGN,12,2010/4/29 16:56,1.25,16718,United Kingdom
529585,22620,4 TRADITIONAL SPINNING TOPS,12,2010/10/28 19:37,1.25,14911,EIRE
500014,22294,HEART FILIGREE DOVE  SMALL,24,2010/3/4 10:29,1.25,15622,United Kingdom
509150,22606,WOODEN SKITTLES GARDEN SET,1,2010/5/20 12:59,15.95,13616,United Kingdom
506724,47593B,SCOTTIES DESIGN BABY BIB,5,2010/5/4 10:02,0.85,,United Kingdom
521031,22179,SET 10 LIGHTS NIGHT OWL,1,2010/9/1 17:17,6.75,,United Kingdom
510962,21474,SWEETHEART CREAM STEEL FOLDIN BENCH,2,2010/6/4 11:02,19.95,15547,United Kingdom
498613,21700,BIG DOUGHNUT FRIDGE MAGNETS,12,2010/2/22 9:32,0.85,12360,Austria
494918,20763,DAISY SKETCHBOOK ,1,2010/1/19 17:49,3.36,,United Kingdom
505016,21381,MINI WOODEN HAPPY BIRTHDAY GARLAND,1,2010/4/19 13:52,3.36,,United Kingdom
523343,84562A,PINK/WHITE RIBBED MELAMINE JUG,1,2010/9/21 15:46,16.98,,United Kingdom
526865,21181,PLEASE ONE PERSON METAL SIGN,1,2010/10/13 13:12,2.1,15356,United Kingdom
C522714,21671,RED SPOT CERAMIC DRAWER KNOB,-1,2010/9/16 11:53,1.25,15291,United Kingdom
534854,22579,WOODEN TREE CHRISTMAS SCANDINAVIAN,3,2010/11/24 13:49,0.85,16065,United Kingdom
535654,72802A,ROSE SCENT CANDLE IN JEWELLED BOX,2,2010/11/28 11:08,4.25,17580,United Kingdom
511522,21718,RED METAL BEACH SPADE ,2,2010/6/8 16:47,1.25,16072,United Kingdom
536031,22144,CHRISTMAS CRAFT LITTLE FRIENDS,4,2010/11/29 16:45,4.21,,United Kingdom
506708,48187,DOOR MAT NEW ENGLAND,2,2010/5/2 14:53,7.49,15719,United Kingdom
505497,37503,TEA TIME CAKE STAND IN GIFT BOX,4,2010/4/22 13:26,10.75,14040,United Kingdom
C506349,85099B,RED RETROSPOT JUMBO BAG ,-1,2010/4/29 11:59,1.65,14680,United Kingdom
527774,22107,PIZZA PLATE IN BOX,8,2010/10/19 10:41,3.75,12982,United Kingdom
500462,22383,LUNCH BAG SUKI  DESIGN ,1,2010/3/8 12:40,4.21,,United Kingdom
497384,22353,LUNCHBOX WITH CUTLERY FAIRY CAKES ,60,2010/2/9 12:03,2.1,12647,Germany
522620,22749,FELTCRAFT PRINCESS CHARLOTTE DOLL,1,2010/9/15 15:14,7.62,,United Kingdom
499422,84580,MOUSE TOY WITH PINK T-SHIRT,4,2010/2/26 16:33,4.21,,United Kingdom
517971,22469,HEART OF WICKER SMALL,4,2010/8/3 13:18,1.65,15727,United Kingdom
522462,21559,STRAWBERRY LUNCH BOX WITH CUTLERY,3,2010/9/14 16:25,2.55,13141,United Kingdom
534389,85131B,BEADED CRYSTAL HEART GREEN ON STICK,1,2010/11/22 13:02,0.85,,United Kingdom
518507,21189,WHITE HONEYCOMB PAPER GARLAND ,24,2010/8/9 13:28,1.65,13196,United Kingdom
516609,22501,PICNIC BASKET WICKER LARGE,2,2010/7/21 14:39,9.95,17338,United Kingdom
531349,22768,FAMILY PHOTO FRAME CORNICE,1,2010/11/7 13:30,9.95,15581,United Kingdom
491426,10133,COLOURING PENCILS BROWN TUBE,10,2009/12/10 20:16,0.85,15494,United Kingdom
532297,22587,FELTCRAFT HAIRBAND RED AND BLUE,12,2010/11/11 13:50,0.85,13979,United Kingdom
513574,84534B,FAIRY CAKE NOTEBOOK A5 SIZE,1,2010/6/25 15:13,1.66,,United Kingdom
523129,22591,CARDHOLDER GINGHAM CHRISTMAS TREE,1,2010/9/20 13:44,2.55,17841,United Kingdom
536409,21326,AGED GLASS SILVER T-LIGHT HOLDER,12,2010/12/1 11:45,0.65,17908,United Kingdom
523510,85130A,BEADED PEARL HEART WHITE LARGE,2,2010/9/22 12:24,1.65,17840,United Kingdom
537025,90010A,MIDNIGHT BLUE GLASS/SILVER BRACELET,1,2010/12/3 16:21,8.95,,United Kingdom
509235,22411,JUMBO SHOPPER VINTAGE RED PAISLEY,6,2010/5/21 11:01,1.95,15898,United Kingdom
496058,20616,CHERRY BLOSSOM PASSPORT COVER,5,2010/1/28 15:17,2.1,17115,United Kingdom
517817,48194,DOORMAT HEARTS,180,2010/8/2 12:12,6.35,18087,United Kingdom
516344,47568,ENGLISH ROSE DESIGN PEG BAG,12,2010/7/20 9:52,2.1,13874,United Kingdom
537141,22625,RED KITCHEN SCALES,1,2010/12/5 12:57,8.5,15570,United Kingdom
519560,22197,SMALL POPCORN HOLDER,3,2010/8/18 11:34,1.66,,United Kingdom
537224,84375,SET OF 20 KIDS COOKIE CUTTERS,2,2010/12/5 16:24,2.1,13174,United Kingdom
510651,POST,POSTAGE,1,2010/6/2 13:34,18,12437,France
498361,10002,INFLATABLE POLITICAL GLOBE ,12,2010/2/18 13:34,0.85,13394,United Kingdom
532807,21669,BLUE STRIPE CERAMIC DRAWER KNOB,2,2010/11/14 15:17,1.25,17841,United Kingdom
489597,35400,WOODEN BOX ADVENT CALENDAR ,1,2009/12/1 14:28,17.35,,United Kingdom
533088,21484,CHICK GREY HOT WATER BOTTLE,36,2010/11/16 10:05,2.95,12357,Switzerland
534003,21587,COSY HOUR GIANT TUBE MATCHES,1,2010/11/19 14:27,2.55,17589,United Kingdom
534003,21587,COSY HOUR GIANT TUBE MATCHES,1,2010/11/19 14:27,2.55,17589,United Kingdom
500165,21080,SET/20 RED SPOTTY PAPER NAPKINS ,12,2010/3/5 9:07,0.85,13280,United Kingdom
524099,22390,PAPERWEIGHT CHILDHOOD MEMORIES,8,2010/9/27 12:24,2.55,13448,United Kingdom
510519,21033,JUMBO BAG CHARLIE AND LOLA TOYS,1,2010/6/1 13:49,5.91,,United Kingdom
500133,17033,"BROCADE PURSE,SMALL ARCH BUTTON",15,2010/3/4 15:07,0.29,16329,United Kingdom
490279,10080,GROOVY CACTUS INFLATABLE,2,2009/12/4 12:37,0.85,16891,United Kingdom
530850,21479,WHITE SKULL HOT WATER BOTTLE ,2,2010/11/4 14:49,7.62,,United Kingdom
494166,85017B,ENVELOPE 50 BLOSSOM IMAGES,1,2010/1/12 9:47,0.81,,United Kingdom
527940,21591,COSY HOUR CIGAR BOX MATCHES ,24,2010/10/19 14:11,1.25,13931,United Kingdom
490299,37446,MINI CAKE STAND WITH HANGING CAKES,2,2009/12/4 14:14,1.45,13680,United Kingdom
497371,22326,ROUND SNACK BOXES SET OF4 WOODLAND ,6,2010/2/9 10:24,2.95,12471,Germany
525097,22423,REGENCY CAKESTAND 3 TIER,16,2010/10/4 9:37,10.95,17621,United Kingdom
527713,22847,BREAD BIN DINER STYLE IVORY,4,2010/10/18 15:24,14.95,14735,United Kingdom
513987,22549,PICTURE DOMINOES,12,2010/6/30 8:30,1.45,12415,Australia
501653,47599B,BLUE PARTY BAGS ,12,2010/3/18 12:47,2.1,16365,United Kingdom
513403,22501,PICNIC BASKET WICKER LARGE,1,2010/6/24 11:51,21.23,,United Kingdom
490618,82597,BOMBS AWAY METAL SIGN,12,2009/12/7 11:52,2.1,13984,United Kingdom
530124,72799E,IVORY PILLAR CANDLE SILVER FLOCK,2,2010/11/1 15:14,2.95,13174,United Kingdom
496217,79323LP,LIGHT PINK CHERRY LIGHTS,4,2010/1/29 13:46,6.75,13267,United Kingdom
523892,35832,WOOLLY HAT SOCK GLOVE ADVENT STRING,48,2010/9/24 14:55,2.95,13317,United Kingdom
521452,20685,DOORMAT RED SPOT,2,2010/9/6 11:33,7.95,15712,United Kingdom
499689,22078,RIBBON REEL LACE DESIGN ,4,2010/3/2 10:37,2.1,17905,United Kingdom
517238,85039C,S/4 BLACK MINI ROSE CANDLE IN BOWL,1,2010/7/27 14:04,1.65,17841,United Kingdom
513108,22480,RED TEA TOWEL CLASSIC DESIGN,4,2010/6/21 16:04,1.25,14204,United Kingdom
507666,22399,MAGNETS PACK OF 4 CHILDHOOD MEMORY,12,2010/5/10 17:09,1.25,12839,United Kingdom
505516,85232B,SET/3 RUSSIAN DOLL STACKING TINS,6,2010/4/22 15:31,4.95,15768,United Kingdom
532055,21507,"ELEPHANT, BIRTHDAY CARD, ",12,2010/11/10 14:26,0.42,15529,United Kingdom
501890,22260,FELT EGG COSY BLUE RABBIT ,1,2010/3/21 14:44,0.85,14606,United Kingdom
501890,22260,FELT EGG COSY BLUE RABBIT ,1,2010/3/21 14:44,0.85,14606,United Kingdom
507417,22139,RETRO SPOT TEA SET CERAMIC 11 PC ,3,2010/5/9 14:35,4.95,13425,United Kingdom
527657,85172,HYACINTH BULB T-LIGHT CANDLES,16,2010/10/18 14:12,0.42,16141,United Kingdom
513123,22624,IVORY KITCHEN SCALES,2,2010/6/22 10:24,8.5,12359,Cyprus
496047,21080,SET/20 RED SPOTTY PAPER NAPKINS ,12,2010/1/28 14:31,0.85,14831,United Kingdom
494649,40016,CHINESE DRAGON PAPER LANTERNS,48,2010/1/17 12:28,0.42,17969,United Kingdom
499965,84950,ASSORTED COLOUR T-LIGHT HOLDER,72,2010/3/3 13:57,0.85,16461,United Kingdom
526508,22553,PLASTERS IN TIN SKULLS,12,2010/10/12 10:44,1.65,16039,United Kingdom
C509650,21156,RED SPOTTY CHILDS APRON,-1,2010/5/25 11:55,1.95,17841,United Kingdom
512064,21523,DOOR MAT FANCY FONT HOME SWEET HOME,2,2010/6/13 11:19,7.49,16290,United Kingdom
529847,22599,CHRISTMAS MUSICAL ZINC STAR,12,2010/10/31 13:23,0.85,13050,United Kingdom
536544,85129D,BEADED CRYSTAL HEART PINK SMALL,1,2010/12/1 14:32,2.51,,United Kingdom
494379,20867,PINK ROSE FABRIC MIRROR,4,2010/1/13 17:08,0.85,,United Kingdom
502486,22331,WOODLAND PARTY BAG + STICKER SET,4,2010/3/24 17:43,3.36,,United Kingdom
516012,85099F,JUMBO BAG STRAWBERRY,20,2010/7/16 9:51,1.95,17001,United Kingdom
494643,72772,SET/4 SCENTED CANDLES IN RAMEKINS,284,2010/1/17 11:55,1.25,13694,United Kingdom
516775,48187,DOORMAT NEW ENGLAND,30,2010/7/22 19:23,6.35,15061,United Kingdom
502872,22219,LOVEBIRD HANGING DECORATION WHITE ,3,2010/3/29 9:59,1.66,,United Kingdom
512533,21913,VINTAGE SEASIDE JIGSAW PUZZLES,1,2010/6/16 12:02,3.75,17952,United Kingdom
530437,22375,AIRLINE BAG VINTAGE JET SET BROWN,1,2010/11/3 11:13,4.25,15915,United Kingdom
520874,22627,MINT KITCHEN SCALES,12,2010/8/31 15:06,7.65,14543,United Kingdom
517555,85160A,WHITE BIRD GARDEN DESIGN MUG,2,2010/7/29 19:18,1.25,15998,United Kingdom
507412,22087,PAPER BUNTING WHITE LACE,6,2010/5/9 14:07,2.95,17926,United Kingdom
495153,21478,SILVER SKULL HOT WATER BOTTLE ,1,2010/1/21 12:10,3.75,14527,United Kingdom
511700,20685,DOOR MAT RED SPOT,4,2010/6/10 8:47,7.49,13709,United Kingdom
518270,22668,PINK BABY BUNTING,5,2010/8/5 20:03,2.95,16549,United Kingdom
517673,M,Manual,1,2010/7/30 16:50,0.85,12733,USA
522584,85167B,BLACK GRAND BAROQUE PHOTO FRAME,3,2010/9/15 12:21,4.25,15527,United Kingdom
519473,21519,GIN & TONIC DIET GREETING CARD ,1,2010/8/17 12:03,0.85,,United Kingdom
493963,82001S,VINYL RECORD FRAME SILVER,24,2010/1/8 15:24,3.39,13078,United Kingdom
503428,85017A,ENVELOPE 50 ROMANTIC IMAGES,2,2010/3/31 17:31,0.81,,United Kingdom
C530182,22359,GLASS JAR KINGS CHOICE,-6,2010/11/2 10:38,2.95,14934,Channel Islands
520484,85028L,FRENCH CHATEAU LARGE FRUIT BOWL ,6,2010/8/26 11:43,1.95,14930,Channel Islands
491935,85185F,LION SOCK PUPPET,1,2009/12/14 15:38,2.95,16125,United Kingdom
533114,22940,FELTCRAFT CHRISTMAS FAIRY,1,2010/11/16 12:22,4.25,14675,United Kingdom
498574,22209,WOOD STAMP SET HAPPY BIRTHDAY,12,2010/2/21 13:18,1.65,15498,United Kingdom
518570,20658,RED SPOTTY LUGGAGE TAG,2,2010/8/10 11:49,2.51,,United Kingdom
497890,22374,AIRLINE BAG VINTAGE JET SET RED,5,2010/2/14 12:22,6.35,17108,United Kingdom
530753,21172,PARTY METAL SIGN ,12,2010/11/4 11:56,1.45,12949,United Kingdom
C502076,84949,SILVER HANGING T-LIGHT HOLDER,-1,2010/3/22 15:43,1.65,15994,United Kingdom
502419,22058,CERAMIC LOVE HEARTS DESIGN MUG,1,2010/3/24 12:15,1.49,16300,United Kingdom
507177,20718,RED SPOTTY SHOPPER BAG,1,2010/5/6 15:09,2.51,,United Kingdom
538071,22577,WOODEN HEART CHRISTMAS SCANDINAVIAN,1,2010/12/9 14:09,1.66,,United Kingdom
527520,84993A,75 GREEN PETIT FOUR CASES,1,2010/10/18 13:18,0.84,,United Kingdom
531359,21257,VICTORIAN SEWING BOX MEDIUM,2,2010/11/7 14:17,7.95,13276,United Kingdom
532953,20733,GOLD MINI TAPE MEASURE ,2,2010/11/15 12:17,0.85,,United Kingdom
518270,85152,HAND OVER THE CHOCOLATE   SIGN ,1,2010/8/5 20:03,2.1,16549,United Kingdom
522944,21679,SKULLS  STICKERS,6,2010/9/17 16:03,0.85,15867,United Kingdom
524832,21094,SET/6 RED SPOTTY PAPER PLATES,12,2010/9/30 17:15,0.85,14568,Channel Islands
507459,21670,BLUE SPOT CERAMIC DRAWER KNOB,9,2010/5/10 10:41,1.25,15031,United Kingdom
504713,21655,HANGING RIDGE GLASS T-LIGHT HOLDER,12,2010/4/16 10:03,1.69,,United Kingdom
523550,46000U,POLYESTER FILLER PAD 30CMx30CM,5,2010/9/22 14:42,1.25,15847,United Kingdom
496290,21114,LAVENDER SCENTED FABRIC HEART,1,2010/1/29 17:55,11.02,,United Kingdom
516787,22331,WOODLAND PARTY BAG + STICKER SET,8,2010/7/23 9:51,1.65,12820,United Kingdom
536404,22417,PACK OF 60 SPACEBOY CAKE CASES,24,2010/12/1 11:29,0.55,16218,United Kingdom
504809,21188,3D HEARTS  HONEYCOMB PAPER GARLAND,1,2010/4/16 12:36,2.95,,United Kingdom
522309,21121,SET/10 RED SPOTTY PARTY CANDLES,24,2010/9/13 15:12,1.25,15521,United Kingdom
489857,21823,PAINTED METAL HEART WITH HOLLY BELL,1,2009/12/2 14:43,3.04,,United Kingdom
532606,22470,HEART OF WICKER LARGE,10,2010/11/12 15:03,2.95,16010,United Kingdom
520204,22656,VINTAGE BLUE KITCHEN CABINET,1,2010/8/24 16:08,295,16985,United Kingdom
507417,84879,ASSORTED COLOUR BIRD ORNAMENT,16,2010/5/9 14:35,1.69,13425,United Kingdom
522989,21976,PACK OF 60 MUSHROOM CAKE CASES,1,2010/9/19 15:09,0.55,17051,United Kingdom
507712,22162,HEART GARLAND RUSTIC PADDED,1,2010/5/11 11:29,5.91,,United Kingdom
532150,84991,60 TEATIME FAIRY CAKE CASES,1,2010/11/11 12:06,0.55,16395,United Kingdom
536544,22748,POPPY'S PLAYHOUSE KITCHEN,1,2010/12/1 14:32,4.21,,United Kingdom
527041,22181,SNOWSTORM PHOTO FRAME FRIDGE MAGNET,192,2010/10/14 12:27,0.72,12798,Japan
530792,18098C,PORCELAIN BUTTERFLY OIL BURNER,6,2010/11/4 12:17,2.95,15332,Lithuania
515809,20724,RED SPOTTY CHARLOTTE BAG,2,2010/7/14 17:13,1.66,,United Kingdom
507448,21231,SWEETHEART CERAMIC TRINKET BOX,1,2010/5/10 9:55,2.51,,United Kingdom
524202,85068,CREAM SWEETHEART SHELF + HOOKS,2,2010/9/28 9:45,7.95,14228,United Kingdom
514280,22430,ENAMEL WATERING CAN CREAM,4,2010/7/1 11:59,4.95,13081,United Kingdom
522112,22675,FRENCH KITCHEN SIGN BLUE METAL,2,2010/9/12 15:36,1.25,18168,United Kingdom
516338,22048,BIRTHDAY BANQUET GIFT WRAP,25,2010/7/20 9:04,0.42,13418,United Kingdom
493973,21354,TOAST ITS - BEST MUM,1,2010/1/10 11:08,1.25,17539,United Kingdom
510136,21080,SET/20 RED SPOTTY PAPER NAPKINS ,2,2010/5/27 12:17,0.85,15878,United Kingdom
495804,22224,WHITE LOVEBIRD LANTERN,10,2010/1/26 17:48,5.91,,United Kingdom
504916,85099B,RED RETROSPOT JUMBO BAG ,3,2010/4/19 10:28,4.21,,United Kingdom
521921,22668,PINK BABY BUNTING,5,2010/9/9 14:48,2.95,12681,France
521341,21217,RED SPOTTY ROUND CAKE TINS,2,2010/9/3 13:11,9.95,12440,Austria
494495,21209,MULTICOLOUR HONEYCOMB FAN,1,2010/1/14 17:43,3.36,,United Kingdom
525854,22940,FELTCRAFT CHRISTMAS FAIRY,1,2010/10/7 12:51,4.25,13567,United Kingdom
536844,22841,ROUND CAKE TIN VINTAGE GREEN,2,2010/12/2 18:49,7.95,14236,United Kingdom
529265,21892,TRADITIONAL WOODEN CATCH CUP GAME ,12,2010/10/27 11:45,1.25,17473,United Kingdom
502604,84924F,PSYCHEDELIC METAL SIGN CALENDAR,1,2010/3/25 13:41,3.75,16699,United Kingdom
501475,84989A,75 GREEN FAIRY CAKE CASES,1,2010/3/16 16:59,1.28,,United Kingdom
530420,22502,PICNIC BASKET WICKER SMALL,4,2010/11/3 9:16,5.95,17735,United Kingdom
533462,22666,RECIPE BOX PANTRY YELLOW DESIGN,1,2010/11/17 12:15,2.95,17349,United Kingdom
503503,21086,SET/6 RED SPOTTY PAPER CUPS,12,2010/4/1 12:30,0.65,12583,France
523033,20717,STRAWBERRY SHOPPER BAG,100,2010/9/20 11:48,1.06,14212,United Kingdom
506454,17003,BROCADE RING PURSE ,720,2010/4/29 19:05,0.16,16422,United Kingdom
525825,22738,RIBBON REEL SNOWY VILLAGE,5,2010/10/7 11:46,1.65,15858,United Kingdom
504475,85217,ASSORTED ICE CREAM FRIDGE MAGNETS,12,2010/4/14 9:43,0.65,13266,United Kingdom
532613,21239,PINK  POLKADOT CUP,3,2010/11/12 15:20,2.51,,United Kingdom
513111,22168,ORGANISER WOOD ANTIQUE WHITE ,1,2010/6/21 16:23,8.5,13421,United Kingdom
516610,20764,ABSTRACT CIRCLES SKETCHBOOK ,4,2010/7/21 14:41,3.75,13615,United Kingdom
536769,22333,RETROSPOT PARTY BAG + STICKER SET,8,2010/12/2 14:47,1.65,17581,United Kingdom
536960,47590A,BLUE HAPPY BIRTHDAY BUNTING,3,2010/12/3 12:48,5.45,16477,United Kingdom
498045,21626,VINTAGE UNION JACK PENNANT,12,2010/2/16 10:41,1.95,16584,United Kingdom
528137,22835,HOT WATER BOTTLE I AM SO POORLY,24,2010/10/20 15:21,4.25,17044,United Kingdom
495343,85039C,S/4 BLACK MINI ROSE CANDLE IN BOWL,10,2010/1/22 18:05,3.36,,United Kingdom
519568,21621,VINTAGE UNION JACK BUNTING,60,2010/8/18 12:13,8.5,17262,United Kingdom
536592,22565,FELTCRAFT HAIRBANDS PINK AND WHITE ,1,2010/12/1 17:06,1.66,,United Kingdom
534459,22748,POPPY'S PLAYHOUSE KITCHEN,1,2010/11/23 9:12,4.21,,United Kingdom
525060,22854,CREAM SWEETHEART EGG HOLDER,3,2010/10/3 14:13,4.95,14462,United Kingdom
490430,84406B,CREAM CUPID HEARTS COAT HANGER,8,2009/12/6 11:45,3.25,15260,United Kingdom
508156,21682,LARGE MEDINA STAMPED METAL BOWL ,4,2010/5/13 11:42,4.95,16550,United Kingdom
501307,84879,ASSORTED COLOUR BIRD ORNAMENT,24,2010/3/15 17:32,3.18,,United Kingdom
499285,M,Manual,1,2010/2/25 19:08,0.85,17207,United Kingdom
511018,84692,BOX OF 24 COCKTAIL PARASOLS,1,2010/6/4 15:50,0.81,,United Kingdom
535385,22384,LUNCH BAG PINK POLKADOT,4,2010/11/25 19:36,1.65,15518,United Kingdom
520075,22169,FAMILY ALBUM WHITE PICTURE FRAME,6,2010/8/24 9:31,8.5,15194,United Kingdom
526738,22077,6 RIBBONS RUSTIC CHARM,1,2010/10/12 18:02,3.36,,United Kingdom
512432,22644,CERAMIC CHERRY CAKE MONEY BANK,12,2010/6/15 15:23,1.45,15625,United Kingdom
521374,22698,PINK REGENCY TEACUP AND SAUCER,1,2010/9/5 11:57,2.95,14606,United Kingdom
516626,22666,RECIPE BOX PANTRY YELLOW DESIGN,6,2010/7/22 8:24,2.95,13402,United Kingdom
528137,22867,HAND WARMER BIRD DESIGN,48,2010/10/20 15:21,2.1,17044,United Kingdom
516164,22138,BAKING SET 9 PIECE RETROSPOT ,3,2010/7/18 12:19,4.95,15151,United Kingdom
501161,47570,ENGLISH ROSE TABLE CLOTH,1,2010/3/15 9:28,21.23,,United Kingdom
508496,21385,IVORY HANGING DECORATION  HEART,6,2010/5/16 14:41,0.85,16208,United Kingdom
489597,82607C,GLASS BONBON JAR. SUPERFINES,1,2009/12/1 14:28,2.57,,United Kingdom
492738,21540,DAIRY MAID CERAMIC BUTTER DISH,2,2009/12/18 12:23,4.25,14527,United Kingdom
529344,21577,SAVE THE PLANET COTTON TOTE BAG,6,2010/10/28 8:23,2.25,12349,Italy
495343,21241,GREEN SPOTTY CUP,2,2010/1/22 18:05,1.66,,United Kingdom
532126,22139,RETROSPOT TEA SET CERAMIC 11 PC ,3,2010/11/11 10:21,4.95,18226,United Kingdom
506383,22175,PINK OWL SOFT TOY,6,2010/4/29 12:30,2.95,13824,United Kingdom
507996,84279P,CHERRY BLOSSOM  DECORATIVE FLASK,4,2010/5/12 10:56,3.75,17511,United Kingdom
500509,21034,REX CASH+CARRY JUMBO SHOPPER,2,2010/3/8 14:04,0.95,16400,United Kingdom
510062,22644,CERAMIC CHERRY CAKE MONEY BANK,12,2010/5/27 10:45,1.45,15827,United Kingdom
529165,71477,COLOUR GLASS. STAR T-LIGHT HOLDER,24,2010/10/26 17:34,2.75,16191,United Kingdom
529522,22035,VINTAGE CARAVAN GREETING CARD ,12,2010/10/28 15:37,0.42,14303,United Kingdom
508721,21868,POTTING SHED TEA MUG,1,2010/5/17 17:24,1.25,14606,United Kingdom
508079,21901,"KEY FOB , BACK DOOR ",9,2010/5/12 16:42,0.65,17092,United Kingdom
497493,84396,6 HOOK JEWELLERY STAND BLACK DRESS,1,2010/2/9 17:38,8.47,,United Kingdom
505024,21155,RED SPOTTY PEG BAG,2,2010/4/19 14:21,2.1,15005,United Kingdom
528912,37447,CERAMIC CAKE DESIGN SPOTTED PLATE,4,2010/10/25 13:40,1.49,16241,United Kingdom
532613,20960,WATERMELON BATH SPONGE,2,2010/11/12 15:20,2.51,,United Kingdom
490112,84773,RED ROSE AND LACE C/COVER,6,2009/12/3 17:04,2.95,13037,United Kingdom
530433,21731,RED TOADSTOOL LED NIGHT LIGHT,36,2010/11/3 10:46,1.65,12673,Germany
525883,22578,WOODEN STAR CHRISTMAS SCANDINAVIAN,12,2010/10/7 14:28,0.85,13652,United Kingdom
520680,20831,GOLD PHOTO FRAME,6,2010/8/27 15:14,2.1,15480,Malta
500574,85065,CREAM SWEETHEART TRAYS,2,2010/3/8 16:30,12.75,17663,United Kingdom
490011,21100,CHARLIE AND LOLA CHARLOTTE BAG,6,2009/12/3 12:27,1.65,16918,United Kingdom
520414,85124c,GREEN JUICY FRUIT PHOTO FRAME,1,2010/8/26 9:41,5.06,,United Kingdom
492428,20972,PINK CREAM FELT CRAFT TRINKET BOX ,12,2009/12/17 8:55,1.25,18201,United Kingdom
528325,22079,RIBBON REEL HEARTS DESIGN ,10,2010/10/21 13:02,1.65,15680,United Kingdom
517743,84970S,HANGING HEART ZINC T-LIGHT HOLDER,1,2010/8/1 15:51,0.85,17984,United Kingdom
534750,22734,SET OF 6 RIBBONS VINTAGE CHRISTMAS,16,2010/11/24 9:54,5.91,,United Kingdom
500891,47598,NEW ENGLAND EGG WARMER,1,2010/3/10 16:24,1.28,,United Kingdom
534886,21034,REX CASH+CARRY JUMBO SHOPPER,1,2010/11/24 14:49,0.95,,Portugal
534886,21034,REX CASH+CARRY JUMBO SHOPPER,1,2010/11/24 14:49,0.95,,Portugal
528985,22952,72 CAKE CASES VINTAGE CHRISTMAS,24,2010/10/26 11:07,0.55,13363,United Kingdom
507668,21891,TRADITIONAL WOODEN SKIPPING ROPE,24,2010/5/11 8:54,1.25,13450,United Kingdom
505336,21498,RED SPOTS  WRAP ,25,2010/4/21 13:11,0.42,17644,United Kingdom
523805,21928,JUMBO BAG SCANDINAVIAN PAISLEY,1,2010/9/24 11:48,1.95,14527,United Kingdom
507213,21922,UNION STRIPE WITH FRINGE  HAMMOCK,2,2010/5/6 17:55,7.95,13974,United Kingdom
502486,22584,PACK OF 6 PANNETONE GIFT BOXES,1,2010/3/24 17:43,5.06,,United Kingdom
513328,21975,PACK OF 60 DINOSAUR CAKE CASES,2,2010/6/23 17:16,1.28,,United Kingdom
491671,22153,ANGEL DECORATION STARS ON DRESS,1,2009/12/13 11:46,0.42,14161,United Kingdom
527614,22602,CHRISTMAS RETROSPOT HEART WOOD,12,2010/10/18 13:44,0.85,13152,United Kingdom
529362,22149,FELTCRAFT 6 FLOWER FRIENDS,2,2010/10/28 9:57,2.1,17994,United Kingdom
525755,22574,HEART WOODEN CHRISTMAS DECORATION,2,2010/10/7 10:23,1.66,,United Kingdom
532083,21592,RETROSPOT CIGAR BOX MATCHES ,6,2010/11/10 15:16,1.25,13735,United Kingdom
510137,22326,ROUND SNACK BOXES SET OF4 WOODLAND ,2,2010/5/27 12:21,2.95,17068,United Kingdom
518138,84510A,SET OF 4 ENGLISH ROSE COASTERS,2,2010/8/4 15:48,2.51,,United Kingdom
535267,84536A,ENGLISH ROSE NOTEBOOK A7 SIZE,2,2010/11/25 13:36,0.42,14487,United Kingdom
535267,84536A,ENGLISH ROSE NOTEBOOK A7 SIZE,2,2010/11/25 13:36,0.42,14487,United Kingdom
527401,22581,WOOD STOCKING CHRISTMAS SCANDISPOT,9,2010/10/17 14:17,0.85,14507,United Kingdom
520396,22694,WICKER STAR ,3,2010/8/25 15:58,2.1,17963,United Kingdom
507794,84991,60 TEATIME FAIRY CAKE CASES,120,2010/5/11 12:41,0.42,15523,United Kingdom
517362,22070,SMALL RED RETROSPOT MUG IN BOX ,1,2010/7/28 16:39,3.75,17266,United Kingdom
517933,84755,COLOUR GLASS T-LIGHT HOLDER HANGING,32,2010/8/3 10:52,0.65,15218,United Kingdom
516749,84508B,STRIPES DESIGN TEDDY,1,2010/7/22 15:33,2.55,14099,United Kingdom
521810,22614,PACK OF 12 SPACEBOY TISSUES,12,2010/9/8 14:45,0.29,16768,United Kingdom
C527263,M,Manual,-1,2010/10/15 12:46,345.01,15202,United Kingdom
511960,22650,CERAMIC PIRATE CHEST MONEY BANK,8,2010/6/11 13:23,1.45,14727,United Kingdom
494814,90211B,JET BLACK LAS VEGAS NECKLACE 45CM,1,2010/1/19 9:05,5.94,,United Kingdom
521390,22121,NOEL WOODEN BLOCK LETTERS ,3,2010/9/5 14:03,5.95,16327,United Kingdom
494017,22081,RIBBON REEL FLORA + FAUNA ,1,2010/1/11 9:37,3.43,,United Kingdom
510659,22134,LADLE LOVE HEART RED ,1,2010/6/2 14:24,0.42,16549,United Kingdom
535415,22197,SMALL POPCORN HOLDER,38,2010/11/26 11:36,0.85,16779,United Kingdom
523539,22384,LUNCH BAG PINK RETROSPOT,2,2010/9/22 14:05,1.65,16329,United Kingdom
536544,22758,LARGE PURPLE BABUSHKA NOTEBOOK  ,2,2010/12/1 14:32,2.51,,United Kingdom
533301,22866,HAND WARMER SCOTTY DOG DESIGN,1,2010/11/16 16:46,2.1,15811,United Kingdom
532816,84946,ANTIQUE SILVER TEA GLASS ETCHED,12,2010/11/14 16:12,1.25,15726,United Kingdom
502588,21356,TOAST ITS - FAIRY FLOWER,4,2010/3/25 12:43,1.25,16550,United Kingdom
505725,22543,MINI JIGSAW BAKE A CAKE ,1,2010/4/25 13:55,0.42,14606,United Kingdom
521348,21770,,-36,2010/9/3 14:10,0,,United Kingdom
510230,22609,PENS ASSORTED SPACEBALL,36,2010/5/28 9:36,0.85,17311,United Kingdom
522024,84692,BOX OF 24 COCKTAIL PARASOLS,10,2010/9/10 11:40,0.42,17228,United Kingdom
516733,22492,MINI PAINT SET VINTAGE ,36,2010/7/22 13:41,0.65,16555,United Kingdom
504704,21307,SET/4 BUTTERFLY MIRROR MAGNETS,1,2010/4/15 19:22,2.1,15031,United Kingdom
502098,22483,RED GINGHAM TEDDY BEAR ,6,2010/3/23 8:55,2.95,12359,Cyprus
536974,21915,RED  HARMONICA IN BOX ,12,2010/12/3 13:59,1.25,12682,France
513362,22072,RED RETROSPOT TEA CUP AND SAUCER ,4,2010/6/24 11:33,7.62,,United Kingdom
511035,21621,VINTAGE UNION JACK BUNTING,2,2010/6/6 10:57,8.5,16242,United Kingdom
528368,22467,GUMBALL COAT RACK,2,2010/10/21 16:30,2.55,13581,United Kingdom
503244,22583,PACK OF 6 HANDBAG GIFT BOXES,1,2010/3/31 9:49,2.55,17377,United Kingdom
533338,22249,DECORATION WHITE CHICK MAGIC GARDEN,1,2010/11/16 18:18,1.66,,United Kingdom
510516,20724,RED SPOTTY CHARLOTTE BAG,10,2010/6/1 13:15,0.85,14680,United Kingdom
504621,22301,COFFEE MUG CAT + BIRD DESIGN,12,2010/4/15 11:47,2.55,14944,United Kingdom
502674,20719,WOODLAND CHARLOTTE BAG,10,2010/3/26 9:58,0.85,16286,United Kingdom
496475,72351A,SET/6 TURQUOISE BUTTERFLY T-LIGHTS,100,2010/2/1 15:40,1.69,15369,United Kingdom
C517472,22421,LIPSTICK PEN FUSCHIA,-2,2010/7/29 11:58,0.42,14861,United Kingdom
521742,21844,RED RETROSPOT MUG,6,2010/9/8 11:35,2.95,12777,United Kingdom
491893,21488,RED WHITE SCARF  HOT WATER BOTTLE,1,2009/12/14 15:17,3.95,16805,United Kingdom
531971,21777,RECIPE BOX WITH METAL HEART,2,2010/11/10 12:24,7.95,13464,United Kingdom
521945,21272,SALLE DE BAIN HOOK,12,2010/9/9 16:54,1.25,16095,United Kingdom
521813,22487,WHITE WOOD GARDEN PLANT LADDER,2,2010/9/8 15:06,9.95,13384,United Kingdom
501161,85040A,S/4 PINK FLOWER CANDLES IN BOWL,2,2010/3/15 9:28,3.36,,United Kingdom
528912,22522,CHILDS GARDEN FORK BLUE ,1,2010/10/25 13:40,0.85,16241,United Kingdom
526507,22354,RETROSPOT PADDED SEAT CUSHION,5,2010/10/12 10:44,3.75,16134,United Kingdom
517739,85067,CREAM SWEETHEART WALL CABINET,1,2010/8/1 14:40,18.95,13474,United Kingdom
492303,20718,RED SPOTTY SHOPPER BAG,1,2009/12/16 11:57,2.57,,United Kingdom
495953,84901,BLACK FACE LAMB WITH PANTS,1,2010/1/27 17:56,4.21,,United Kingdom
506963,16237,SLEEPING CAT ERASERS,30,2010/5/5 12:30,0.21,15306,United Kingdom
528395,22581,WOOD STOCKING CHRISTMAS SCANDISPOT,12,2010/10/21 19:28,0.85,14702,United Kingdom
524489,22497,SET OF 2 TINS VINTAGE BATHROOM ,4,2010/9/29 12:12,4.25,12540,Spain
490008,21929,JUMBO BAG PINK VINTAGE PAISLEY,4,2009/12/3 12:10,1.95,15768,United Kingdom
507121,22352,LUNCH BOX WITH CUTLERY RETROSPOT ,1,2010/5/6 11:49,2.55,13772,United Kingdom
517909,22080,RIBBON REEL SPOTS DESIGN ,10,2010/8/3 10:26,1.65,18260,United Kingdom
498877,85014D,PINK/BROWN DOTS RUFFLED UMBRELLA,2,2010/2/23 12:31,5.95,13052,United Kingdom
531036,21479,WHITE SKULL HOT WATER BOTTLE ,2,2010/11/5 11:58,7.62,,United Kingdom
527335,21231,SWEETHEART CERAMIC TRINKET BOX,12,2010/10/15 15:28,1.25,16650,United Kingdom
496624,21826,EIGHT PIECE DINOSAUR SET,12,2010/2/3 9:47,1.25,15321,United Kingdom
510001,35001W,HAND OPEN SHAPE DECO.WHITE,1,2010/5/26 15:06,3.49,14649,United Kingdom
513310,21731,RED TOADSTOOL LED NIGHT LIGHT,144,2010/6/23 15:00,1.45,12431,Australia
530659,84971S,SMALL HEART FLOWERS HOOK ,24,2010/11/4 10:26,0.85,15073,United Kingdom
505340,21519,GIN & TONIC DIET GREETING CARD ,12,2010/4/21 13:20,0.36,17448,United Kingdom
493802,85121B,RETRO LAUNDRY TUB PINK,4,2010/1/7 11:22,8.5,16985,United Kingdom
496529,20983,12 PENCILS TALL TUBE RED SPOTTY,3,2010/2/2 12:45,0.85,12848,United Kingdom
501102,21231,SWEETHEART CERAMIC TRINKET BOX,12,2010/3/12 13:06,1.25,15874,United Kingdom
535639,22112,CHOCOLATE HOT WATER BOTTLE,1,2010/11/28 10:18,4.95,17243,United Kingdom
510962,21163,DO NOT TOUCH MY STUFF DOOR HANGER ,1,2010/6/4 11:02,1.45,15547,United Kingdom
538071,22620,4 TRADITIONAL SPINNING TOPS,5,2010/12/9 14:09,2.51,,United Kingdom
503543,47591A,CAROUSEL DES CHILD'S APRON,1,2010/4/1 14:23,1.65,17993,United Kingdom
494473,22032,BOTANICAL LILY GREETING CARD,12,2010/1/14 14:53,0.42,17508,Greece
534800,22557,PLASTERS IN TIN VINTAGE PAISLEY ,1,2010/11/24 12:04,1.65,17019,United Kingdom
534800,22557,PLASTERS IN TIN VINTAGE PAISLEY ,1,2010/11/24 12:04,1.65,17019,United Kingdom
508901,22492,MINI PAINT SET VINTAGE ,36,2010/5/19 9:14,0.65,13999,United Kingdom
535531,22795,SWEETHEART RECIPE BOOK STAND,1,2010/11/26 15:16,6.75,17841,United Kingdom
530655,21156,RETROSPOT CHILDRENS APRON,8,2010/11/4 9:54,1.95,13987,United Kingdom
516938,21523,DOORMAT FANCY FONT HOME SWEET HOME,4,2010/7/25 13:50,7.49,15601,United Kingdom
C502311,84078A,SET/4 WHITE RETRO STORAGE CUBES ,-1,2010/3/24 9:43,39.95,13659,United Kingdom
525571,51014A,"FEATHER PEN,HOT PINK",12,2010/10/6 10:04,0.85,13707,United Kingdom
536425,79321,CHILLI LIGHTS,8,2010/12/1 12:08,4.95,13758,United Kingdom
534894,22061,LARGE CAKE STAND  HANGING STRAWBERY,2,2010/11/24 15:05,9.95,13554,United Kingdom
501523,22202,MILK PAN PINK RETROSPOT,4,2010/3/17 12:14,3.75,13612,United Kingdom
500353,16156S,WRAP PINK FAIRY CAKES ,25,2010/3/7 15:25,0.42,12668,Germany
520570,22384,LUNCH BAG PINK RETROSPOT,2,2010/8/26 20:07,1.65,16549,United Kingdom
502272,21154,RED SPOTTY OVEN GLOVE ,2,2010/3/23 15:47,1.25,14344,United Kingdom
499314,22268,EASTER DECORATION SITTING BUNNY,1,2010/2/26 10:51,1.66,,United Kingdom
511134,21745,GAOLERS KEYS DECORATIVE GARDEN ,1,2010/6/7 11:32,3.75,17897,United Kingdom
501611,84908B,BLUE 5 PATCH FLOWER CUSHION COVER,120,2010/3/18 10:51,1.95,13694,United Kingdom
524320,21114,LAVENDER SCENTED FABRIC HEART,10,2010/9/28 14:26,1.25,18049,United Kingdom
510291,21212,PACK OF 72 RETRO SPOT CAKE CASES,48,2010/5/28 11:47,0.55,13338,United Kingdom
531438,20971,PINK BLUE FELT CRAFT TRINKET BOX,24,2010/11/8 12:21,1.25,14952,United Kingdom
513907,22487,WHITE WOOD GARDEN PLANT LADDER,1,2010/6/29 12:08,20.38,,United Kingdom
516978,82600,NO SINGING METAL SIGN,1,2010/7/26 10:56,4.21,,United Kingdom
535346,22966,GINGERBREAD MAN COOKIE CUTTER,1,2010/11/25 16:44,1.25,12961,United Kingdom
494434,21108,FAIRY CAKE FLANNEL ASSORTED COLOUR,9,2010/1/14 11:59,2.55,18134,United Kingdom
534701,84987,SET OF 36 TEATIME PAPER DOILIES,7,2010/11/23 16:08,1.45,15808,United Kingdom
535310,22082,RIBBON REEL STRIPES DESIGN ,1,2010/11/25 14:47,1.65,17920,United Kingdom
534751,20679,EDWARDIAN PARASOL RED,1,2010/11/24 9:55,12.72,,United Kingdom
528757,22168,ORGANISER WOOD ANTIQUE WHITE ,4,2010/10/24 15:28,8.5,12720,Germany
526176,22632,HAND WARMER RED RETROSPOT,2,2010/10/10 11:32,2.1,13838,United Kingdom
502820,71459,HANGING JAM JAR T-LIGHT HOLDER,12,2010/3/28 11:07,0.85,14849,United Kingdom
532083,21876,POTTERING MUG,6,2010/11/10 15:16,1.25,13735,United Kingdom
519122,85152,HAND OVER THE CHOCOLATE   SIGN ,3,2010/8/13 12:11,2.1,17913,United Kingdom
492746,85114C,RED ENCHANTED FOREST PLACEMAT,12,2009/12/18 13:01,1.65,,EIRE
525236,82581,TOILET METAL SIGN,1,2010/10/4 14:31,1.28,,United Kingdom
490014,85078,SCANDINAVIAN 3 HEARTS NAPKIN RING,24,2009/12/3 12:28,0.65,15466,United Kingdom
522048,22629,SPACEBOY LUNCH BOX ,12,2010/9/10 14:12,1.95,13330,United Kingdom
531478,21239,PINK  POLKADOT CUP,6,2010/11/8 14:20,0.85,17084,United Kingdom
523298,21231,SWEETHEART CERAMIC TRINKET BOX,12,2010/9/21 12:31,1.25,17480,United Kingdom
518510,17003,BROCADE RING PURSE ,36,2010/8/9 14:45,0.21,14631,United Kingdom
531387,82600,NO SINGING METAL SIGN,1,2010/11/8 9:20,4.21,,United Kingdom
491426,20943,SET/6 GINGERBREAD STAR T-LIGHTS,6,2009/12/10 20:16,1.25,15494,United Kingdom
529209,21871,SAVE THE PLANET MUG,6,2010/10/27 10:20,1.25,15271,United Kingdom
525524,11001,ASSTD DESIGN RACING CAR PEN,16,2010/10/5 17:55,1.69,15750,United Kingdom
503795,22027,TEA PARTY BIRTHDAY CARD,12,2010/4/7 13:07,0.42,14770,United Kingdom
511012,21714,CITRONELLA CANDLE GARDEN POT,6,2010/6/4 15:00,2.51,,United Kingdom
519908,84821,DANISH ROSE DELUXE COASTER,12,2010/8/22 13:41,0.85,15665,United Kingdom
512553,20983,12 PENCILS TALL TUBE RED SPOTTY,4,2010/6/16 13:52,0.85,17841,United Kingdom
490048,85038,6 CHOCOLATE LOVE HEART T-LIGHTS,72,2009/12/3 13:03,1.85,16779,United Kingdom
529315,22862,LOVE HEART NAPKIN BOX ,20,2010/10/27 13:29,4.25,14911,EIRE
524571,37495,FAIRY CAKE BIRTHDAY CANDLE SET,12,2010/9/29 15:34,3.75,15638,United Kingdom
527754,21030,SPACE CADET RED,3,2010/10/18 17:05,1.25,15710,United Kingdom
494018,20758,ABSTRACT CIRCLES POCKET BOOK,1,2010/1/11 9:37,0.65,,United Kingdom
524268,22116,METAL SIGN HIS DINNER IS SERVED,1,2010/9/28 11:47,2.95,17975,United Kingdom
526462,22739,RIBBON REEL CHRISTMAS SOCK BAUBLE,10,2010/10/11 16:14,1.65,15024,United Kingdom
499979,21359,RELAX LARGE WOOD LETTERS,2,2010/3/3 15:26,15.95,18152,United Kingdom
495936,21844,RETRO SPOT MUG,6,2010/1/27 15:39,2.95,17865,United Kingdom
514387,21080,SET/20 RED SPOTTY PAPER NAPKINS ,12,2010/7/2 11:44,0.85,12633,Germany
499765,22286,"DECORATION , WOBBLY RABBIT , METAL ",1,2010/3/2 13:15,3.36,,United Kingdom
521294,22464,HANGING METAL HEART LANTERN,12,2010/9/3 11:42,1.65,16177,United Kingdom
528771,22573,STAR WOODEN CHRISTMAS DECORATION,12,2010/10/25 9:20,0.85,17325,United Kingdom
498338,22311,OFFICE MUG WARMER BLACK+SILVER ,2,2010/2/18 10:35,4.95,13020,United Kingdom
530568,22059,CERAMIC STRAWBERRY DESIGN MUG,3,2010/11/3 14:02,1.49,13554,United Kingdom
536975,22704,WRAP RED APPLES ,25,2010/12/3 14:04,0.42,14911,EIRE
497267,21913,VINTAGE SEASIDE JIGSAW PUZZLES,3,2010/2/8 13:29,3.75,16078,United Kingdom
534756,22502,PICNIC BASKET WICKER SMALL,1,2010/11/24 10:03,8.47,,United Kingdom
491971,21092,SET/6 STRAWBERRY PAPER PLATES,1,2009/12/14 18:37,1.7,,United Kingdom
506974,21421,PORCELAIN ROSE LARGE ,12,2010/5/5 12:42,1.25,17021,United Kingdom
515022,84947,ANTIQUE SILVER TEA GLASS ENGRAVED,12,2010/7/8 10:00,1.25,13117,United Kingdom
524610,22814,CARD PARTY GAMES ,12,2010/9/30 9:28,0.42,12472,Germany
502872,21314,SMALL GLASS HEART TRINKET POT,1,2010/3/29 9:59,4.21,,United Kingdom
499284,21955,DOOR MAT UNION JACK GUNS AND ROSES,2,2010/2/25 18:58,7.49,14770,United Kingdom
509401,22605,WOODEN CROQUET GARDEN SET,2,2010/5/23 11:24,12.75,16702,United Kingdom
518227,22152,PLACE SETTING WHITE STAR,1,2010/8/5 14:57,0.42,15271,United Kingdom
516990,22195,LARGE HEART MEASURING SPOONS,1,2010/7/26 11:00,3.36,,United Kingdom
509050,22649,STRAWBERRY FAIRY CAKE TEAPOT,3,2010/5/20 10:56,4.95,13448,United Kingdom
535835,79144C,PAINTED LIGHTBULB RAINBOW DESIGN,2,2010/11/29 9:46,0.84,,United Kingdom
532421,22460,EMBOSSED GLASS TEALIGHT HOLDER,12,2010/11/12 9:39,1.25,15468,United Kingdom
490404,21274,EMBOSSED HEART 3 DRAWER SHELF,1,2009/12/6 11:27,12.75,16277,United Kingdom
507604,72741,GRAND CHOCOLATECANDLE,10,2010/5/10 13:43,8.47,,United Kingdom
517384,22117,METAL SIGN HER DINNER IS SERVED ,2,2010/7/28 17:46,2.95,16984,United Kingdom
519881,85065,CREAM SWEETHEART TRAYS,1,2010/8/22 11:28,12.75,16275,United Kingdom
532063,20713,JUMBO BAG OWLS,1,2010/11/10 14:48,4.21,,United Kingdom
499494,90036B,"FLOWER GLASS GARLAND NECKL.36""GREEN",6,2010/2/28 14:12,7.95,16283,United Kingdom
504933,84884A,ANT WHITE WIRE HEART SPIRAL,3,2010/4/19 11:13,8.47,,United Kingdom
531792,20966,SANDWICH BATH SPONGE,10,2010/11/9 15:20,1.25,14899,United Kingdom
495947,21061,PARTY INVITES FOOTBALL,8,2010/1/27 16:41,0.85,12484,Spain
532968,22617,BAKING SET SPACEBOY DESIGN,3,2010/11/15 12:55,4.95,16350,United Kingdom
517981,21506,"FANCY FONT BIRTHDAY CARD, ",1,2010/8/3 14:52,0.85,,United Kingdom
516777,21673,WHITE SPOT BLUE CERAMIC DRAWER KNOB,6,2010/7/22 19:47,1.25,14702,United Kingdom
501186,21536,DAIRY MAID  SMALL  MILK JUG,1,2010/3/15 12:07,2.1,14527,United Kingdom
518791,22644,CERAMIC CHERRY CAKE MONEY BANK,12,2010/8/12 9:43,1.45,16477,United Kingdom
531506,22603,CHRISTMAS RETROSPOT TREE WOOD,12,2010/11/8 15:34,0.85,12472,Germany
489856,21649,ASSORTED TUTTI FRUTTI PHOTO FRAME,2,2009/12/2 14:36,6.04,,United Kingdom
525239,35931,PINK STAR CHRISTMAS DECORATION,20,2010/10/4 14:35,0.38,13939,United Kingdom
537201,22242,5 HOOK HANGER MAGIC TOADSTOOL,12,2010/12/5 14:19,1.65,12472,Germany
522121,20973,12 PENCIL SMALL TUBE WOODLAND,24,2010/9/13 9:27,0.65,14911,EIRE
529329,72586,SET OF 6 HALLOWEEN GHOST T-LIGHTS,5,2010/10/27 14:34,0.42,14159,United Kingdom
513056,47599A,PINK PARTY BAGS,6,2010/6/21 13:52,2.1,13334,United Kingdom
531342,21156,RETROSPOT CHILDRENS APRON,3,2010/11/7 12:56,1.95,17041,United Kingdom
490404,72760B,VINTAGE CREAM 3 BASKET CAKE STAND,1,2009/12/6 11:27,9.95,16277,United Kingdom
505862,DOT,DOTCOM POSTAGE,1,2010/4/26 13:23,21.57,,United Kingdom
519115,21669,BLUE STRIPE CERAMIC DRAWER KNOB,18,2010/8/13 11:59,1.25,17639,United Kingdom
516954,22551,PLASTERS IN TIN SPACEBOY,2,2010/7/25 15:40,1.65,13137,United Kingdom
509356,22030,SWALLOWS GREETING CARD,12,2010/5/21 14:01,0.42,13148,United Kingdom
511853,16015,MEDIUM CHINESE STYLE SCISSOR,100,2010/6/11 8:08,0.36,14298,United Kingdom
521344,84970S,HANGING HEART ZINC T-LIGHT HOLDER,24,2010/9/3 13:45,0.85,16735,United Kingdom
489579,21217,RED SPOTTY ROUND CAKE TINS,1,2009/12/1 13:41,9.95,16887,United Kingdom
536572,22595,CHRISTMAS GINGHAM HEART,24,2010/12/1 15:40,0.85,16539,United Kingdom
527789,21210,SET OF 72 RETROSPOT PAPER  DOILIES,3,2010/10/19 11:10,1.45,,United Kingdom
504935,20677,PINK SPOTTY BOWL,2,2010/4/19 11:19,2.51,,United Kingdom
523649,35832,WOOLLY HAT SOCK GLOVE ADVENT STRING,12,2010/9/23 12:42,2.95,13264,United Kingdom
520059,22643,SET OF 4 NAPKIN CHARMS LEAVES   ,1,2010/8/23 15:44,2.55,15003,United Kingdom
537434,21744,SNOWFLAKE PORTABLE TABLE LIGHT ,2,2010/12/6 16:57,5.91,,United Kingdom
532297,22555,PLASTERS IN TIN STRONGMAN,1,2010/11/11 13:50,1.65,13979,United Kingdom
496429,37503,TEA TIME CAKE STAND IN GIFT BOX,12,2010/2/1 12:18,9.95,14527,United Kingdom
494018,84499,BLACK FLOWER CANDLE PLATE,1,2010/1/11 9:37,1.7,,United Kingdom
501911,21508,VINTAGE KID DOLLY CARD ,12,2010/3/22 9:14,0.42,14928,United Kingdom
519619,20725,LUNCH BAG RED SPOTTY,1,2010/8/19 9:22,4.21,,United Kingdom
501625,22374,AIRLINE BAG VINTAGE JET SET RED,2,2010/3/18 11:40,6.35,15918,United Kingdom
501141,21535,RETRO SPOT SMALL MILK JUG,2,2010/3/14 12:18,2.55,16255,United Kingdom
531014,16169K,WRAP FOLK ART,25,2010/11/5 11:42,0.42,13278,United Kingdom
535419,21976,PACK OF 60 MUSHROOM CAKE CASES,24,2010/11/26 11:48,0.55,12668,Germany
535255,22969,HOMEMADE JAM SCENTED CANDLES,12,2010/11/25 13:10,1.45,17720,United Kingdom
492472,85114B,IVORY ENCHANTED FOREST PLACEMAT,6,2009/12/17 11:38,1.65,15862,United Kingdom
521486,22565,FELTCRAFT HAIRBANDS PINK AND WHITE ,1,2010/9/6 13:36,1.66,,United Kingdom
496201,79191B,RETRO PLASTIC POLKA TRAY,2,2010/1/29 12:35,0.85,15898,United Kingdom
521393,21731,RED TOADSTOOL LED NIGHT LIGHT,12,2010/9/5 15:27,1.65,14194,United Kingdom
535475,22168,ORGANISER WOOD ANTIQUE WHITE ,1,2010/11/26 14:09,8.5,17817,United Kingdom
494387,22242,"HOOK, 5 HANGER , MAGIC TOADSTOOL",2,2010/1/14 9:46,3.36,,United Kingdom
506818,84946,ANTIQUE SILVER TEA GLASS ETCHED,24,2010/5/4 12:45,1.25,18245,United Kingdom
505203,22522,CHILDS GARDEN FORK BLUE ,1,2010/4/20 16:24,1.66,,United Kingdom
534884,22938,CUPCAKE LACE PAPER SET 6,48,2010/11/24 14:47,1.65,16422,United Kingdom
500827,22218,CAKE STAND LACE WHITE,4,2010/3/10 11:10,8.47,,United Kingdom
494016,20782,CAMOUFLAGE EAR MUFF HEADPHONES,3,2010/1/11 9:35,4.3,,United Kingdom
522650,22419,LIPSTICK PEN RED,12,2010/9/16 10:49,0.42,13424,United Kingdom
521658,20973,12 PENCIL SMALL TUBE WOODLAND,6,2010/9/7 14:08,0.65,14395,United Kingdom
535749,22147,FELTCRAFT BUTTERFLY HEARTS,2,2010/11/28 13:21,1.45,17358,United Kingdom
505962,22468,BABUSHKA LIGHTS STRING OF 10,1,2010/4/26 15:17,6.75,17841,United Kingdom
524345,22535,MAGIC DRAWING SLATE BUNNIES ,48,2010/9/28 16:12,0.42,13927,United Kingdom
515484,22570,FELTCRAFT CUSHION RABBIT,1,2010/7/13 10:25,3.75,17994,United Kingdom
509173,47566,PARTY BUNTING,5,2010/5/20 15:51,4.65,17465,United Kingdom
525430,47013A,WINE BOTTLE DRESSING LT.BLUE,24,2010/10/5 13:12,0.29,14663,United Kingdom
523684,82484,WOOD BLACK BOARD ANT WHITE FINISH,3,2010/9/23 14:33,6.45,16647,United Kingdom
C532341,21258,VICTORIAN SEWING BOX LARGE,-12,2010/11/11 16:05,10.95,14680,United Kingdom
498780,21210,SET OF 72 RETRO SPOT PAPER  DOILIES,1,2010/2/23 10:50,2.98,,United Kingdom
534289,22212,FOUR HOOK  WHITE LOVEBIRDS,1,2010/11/22 11:25,4.21,,United Kingdom
491969,90065A,WHITE VINTAGE CRYSTAL BRACELET,1,2009/12/14 17:57,7.37,,United Kingdom
517958,85129A,"WHITE PEARL BEADED HEART, SMALL",3,2010/8/3 12:13,1.25,13679,United Kingdom
535802,22191,IVORY DINER WALL CLOCK,1,2010/11/28 14:57,8.5,14030,United Kingdom
513813,22197,SMALL POPCORN HOLDER,12,2010/6/29 9:52,0.85,13023,United Kingdom
490149,20781,GOLD EAR MUFF HEADPHONES,1,2009/12/4 9:43,11.26,,United Kingdom
492098,82494L,WOODEN FRAME ANTIQUE WHITE ,12,2009/12/15 14:05,2.95,16749,United Kingdom
506453,22526,WHEELBARROW FOR CHILDREN ,1,2010/4/29 18:34,12.75,14031,United Kingdom
522750,22555,PLASTERS IN TIN STRONGMAN,12,2010/9/16 13:28,1.65,16646,United Kingdom
519386,20966,SANDWICH BATH SPONGE,1,2010/8/16 14:19,2.51,,United Kingdom
489645,48187,DOOR MAT NEW ENGLAND,1,2009/12/1 16:34,6.75,17191,United Kingdom
499879,21110,LARGE CAKE TOWEL PINK SPOTS,8,2010/3/3 10:11,6.75,15224,United Kingdom
513574,82613D,METAL SIGN CUPCAKE SINGLE HOOK,1,2010/6/25 15:13,2.51,,United Kingdom
527773,22890,NOVELTY BISCUITS CAKE STAND 3 TIER,12,2010/10/19 10:23,8.5,16045,United Kingdom
502857,22543,MINI JIGSAW BAKE A CAKE ,48,2010/3/28 15:11,0.42,14735,United Kingdom
508500,82494L,WOODEN FRAME ANTIQUE WHITE ,1,2010/5/16 15:33,2.95,15272,United Kingdom
530332,84950,ASSORTED COLOUR T-LIGHT HOLDER,6,2010/11/2 13:57,0.99,,United Kingdom
494382,84031A,CHARLIE+LOLA RED HOT WATER BOTTLE ,1,2010/1/13 17:51,4.21,,United Kingdom
519888,21889,WOODEN BOX OF DOMINOES,3,2010/8/22 12:12,1.25,16814,United Kingdom
526756,85131D,BEADED CRYSTAL HEART PINK ON STICK,24,2010/10/13 10:29,0.42,12424,Australia
521541,22112,CHOCOLATE HOT WATER BOTTLE,3,2010/9/6 14:58,4.95,14915,United Kingdom
499235,85123A,WHITE HANGING HEART T-LIGHT HOLDER,32,2010/2/25 12:53,2.55,17675,United Kingdom
C510212,79323P,PINK CHERRY LIGHTS,-9,2010/5/28 8:12,5.45,17426,United Kingdom
507038,21621,VINTAGE UNION JACK BUNTING,4,2010/5/5 16:12,8.5,15615,United Kingdom
537176,22556,PLASTERS IN TIN CIRCUS PARADE ,3,2010/12/5 13:26,1.65,16411,United Kingdom
518331,84970S,HANGING HEART ZINC T-LIGHT HOLDER,144,2010/8/6 12:33,0.64,15980,United Kingdom
500461,22219,LOVEBIRD HANGING DECORATION WHITE ,2,2010/3/8 12:35,1.66,,United Kingdom
525237,21745,GAOLERS KEYS DECORATIVE GARDEN ,4,2010/10/4 14:33,3.75,14916,United Kingdom
514516,21984,PACK OF 12 PINK PAISLEY TISSUES ,4,2010/7/4 14:27,0.29,17406,United Kingdom
531806,22197,SMALL POPCORN HOLDER,1,2010/11/9 16:10,0.85,17757,United Kingdom
531251,22694,WICKER STAR ,5,2010/11/7 11:06,2.1,14882,United Kingdom
520409,21484,CHICK GREY HOT WATER BOTTLE,1,2010/8/26 9:32,7.62,,United Kingdom
534177,21175,GIN + TONIC DIET METAL SIGN,2,2010/11/21 13:46,2.1,12872,United Kingdom
511522,22563,HAPPY STENCIL CRAFT,1,2010/6/8 16:47,1.25,16072,United Kingdom
510169,21172,PARTY METAL SIGN ,2,2010/5/27 14:27,1.45,15768,United Kingdom
531255,22599,CHRISTMAS MUSICAL ZINC STAR,24,2010/11/7 11:15,0.85,12873,United Kingdom
503940,21975,PACK OF 60 DINOSAUR CAKE CASES,1,2010/4/8 14:47,1.28,,United Kingdom
C490985,47502,POLKADOT CUTLERY 24 PCS IN TRAY,-4,2009/12/8 17:04,9.95,15903,United Kingdom
507205,22485,SET OF 2 WOODEN MARKET CRATES,2,2010/5/6 16:47,12.75,16560,United Kingdom
536051,22941,CHRISTMAS LIGHTS 10 REINDEER,4,2010/11/30 9:46,8.5,15382,United Kingdom
529727,20712,JUMBO BAG WOODLAND ANIMALS,1,2010/10/29 14:12,4.21,,United Kingdom
508721,22497,SET OF 2 TINS VINTAGE BATHROOM ,1,2010/5/17 17:24,4.25,14606,United Kingdom
492418,22055,MINI CAKE STAND  HANGING STRAWBERY,4,2009/12/16 17:27,1.65,15498,United Kingdom
496487,84559B,3D SHEET OF CAT STICKERS,1,2010/2/1 17:13,1.69,,United Kingdom
523921,20712,JUMBO BAG WOODLAND ANIMALS,200,2010/9/24 16:19,1.65,14646,Netherlands
500091,84569C,PACK 4 FLOWER/BUTTERFLY PATCHES,1,2010/3/4 12:06,2.51,,United Kingdom
527495,15056BL,EDWARDIAN PARASOL BLACK,5,2010/10/18 12:07,5.95,14796,United Kingdom
513953,21333,CLASSIC WHITE FRAME,4,2010/6/29 14:14,2.95,14426,United Kingdom
537638,22620,4 TRADITIONAL SPINNING TOPS,3,2010/12/7 15:28,2.51,,United Kingdom
513196,85066,CREAM SWEETHEART MINI CHEST,2,2010/6/22 15:28,12.75,13539,United Kingdom
536569,21591,COSY HOUR CIGAR BOX MATCHES ,2,2010/12/1 15:35,1.25,16274,United Kingdom
517953,84077,WORLD WAR 2 GLIDERS ASSTD DESIGNS,2304,2010/8/3 11:56,0.18,16754,United Kingdom
516162,22562,MONSTERS STENCIL CRAFT,1,2010/7/18 12:07,1.25,14553,United Kingdom
520398,85061W,WHITE JEWELLED HEART DECORATION,9,2010/8/25 16:11,0.85,13713,United Kingdom
513574,82011C,BATHROOM SCALES FOOTPRINTS IN SAND,1,2010/6/25 15:13,7.62,,United Kingdom
515953,21059,PARTY INVITES DINOSAURS,2,2010/7/15 18:47,0.85,18021,United Kingdom
520520,22219,LOVEBIRD HANGING DECORATION WHITE ,12,2010/8/26 14:11,0.85,12800,Portugal
514532,21655,HANGING RIDGE GLASS T-LIGHT HOLDER,2,2010/7/5 10:07,1.69,,United Kingdom
522334,85123A,WHITE HANGING HEART T-LIGHT HOLDER,32,2010/9/14 9:43,2.55,13089,United Kingdom
534822,21928,JUMBO BAG SCANDINAVIAN PAISLEY,2,2010/11/24 12:54,1.95,12970,United Kingdom
491681,90123A,PINK HEART OF GLASS BRACELET,3,2009/12/13 12:31,5.95,15751,United Kingdom
C490350,90002E,FLOWER BURST SILVER RING GREEN,-2,2009/12/4 16:24,3.75,17884,United Kingdom
513965,22507,MEMO BOARD RETROSPOT  DESIGN,4,2010/6/29 15:28,4.95,12380,Belgium
503584,22557,PLASTERS IN TIN VINTAGE PAISLEY ,1,2010/4/1 16:55,1.65,17961,United Kingdom
526764,20828,GLITTER BUTTERFLY CLIPS,4,2010/10/13 11:10,2.55,17179,United Kingdom
511033,85064,CREAM SWEETHEART LETTER RACK,4,2010/6/6 10:56,5.45,16271,United Kingdom
516729,35962,12 ASS ZINC CHRISTMAS DECORATIONS,5,2010/7/22 13:33,2.1,14064,United Kingdom
532090,84378,SET OF 3 HEART COOKIE CUTTERS,4,2010/11/10 15:39,1.25,17903,United Kingdom
505741,22507,MEMO BOARD RETROSPOT  DESIGN,1,2010/4/25 15:56,4.95,16984,United Kingdom
537240,22905,CALENDAR IN SEASON DESIGN,1,2010/12/6 10:08,5.91,,United Kingdom
511638,21207,SKULL AND CROSSBONES  GARLAND ,2,2010/6/9 13:08,1.65,17346,United Kingdom
513315,21318,GLASS CHALICE BLUE SMALL ,12,2010/6/23 15:50,1.65,15991,United Kingdom
536000,21724,PANDA AND BUNNIES STICKER SHEET,1,2010/11/29 14:13,0.85,14606,United Kingdom
526288,21212,PACK OF 72 RETROSPOT CAKE CASES,24,2010/10/11 11:53,0.55,13919,Denmark
514338,22469,HEART OF WICKER SMALL,6,2010/7/1 14:43,3.36,,United Kingdom
492425,DCGS0058,MISO PRETTY  GUM,1,2009/12/16 17:58,0.83,,United Kingdom
530332,22422,TOOTHPASTE TUBE PEN,4,2010/11/2 13:57,1.28,,United Kingdom
523011,22605,WOODEN CROQUET GARDEN SET,4,2010/9/20 10:07,12.75,13881,United Kingdom
537609,82484,WOOD BLACK BOARD ANT WHITE FINISH,12,2010/12/7 13:22,5.55,17675,United Kingdom
514993,82494L,WOODEN FRAME ANTIQUE WHITE ,6,2010/7/7 14:32,2.95,13593,United Kingdom
500506,47593A,CAROUSEL DESIGN BABY BIB,2,2010/3/8 13:48,1.25,14562,United Kingdom
524559,22679,"FRENCH BLUE METAL DOOR SIGN, 4",3,2010/9/29 14:37,1.25,17515,United Kingdom
493719,21527,RETRO SPOT TRADITIONAL TEAPOT ,2,2010/1/6 10:17,7.95,14210,United Kingdom
523004,22355,CHARLOTTE BAG SUKI DESIGN,3,2010/9/19 16:18,0.85,13451,United Kingdom
498764,85232D,SET/3 DECOUPAGE STACKING TINS,1,2010/2/22 17:21,4.95,14081,United Kingdom
492425,84992,72 SWEETHEART FAIRY CAKE CASES,2,2009/12/16 17:58,1.3,,United Kingdom
533585,22194,BLACK DINER WALL CLOCK,1,2010/11/18 11:48,8.5,14527,United Kingdom
533160,22154,ANGEL DECORATION 3 BUTTONS ,48,2010/11/16 14:09,0.42,14869,United Kingdom
525700,22186,RED STAR CARD HOLDER,2,2010/10/6 12:42,2.95,16746,United Kingdom
498340,37503,TEA TIME CAKE STAND IN GIFT BOX,12,2010/2/18 11:00,9.95,16143,United Kingdom
490099,21918,SET 12 KIDS COLOUR  CHALK STICKS,24,2009/12/3 16:12,0.42,16736,United Kingdom
490670,85123A,WHITE HANGING HEART T-LIGHT HOLDER,15,2009/12/7 12:42,2.95,14574,United Kingdom
527346,22784,Incorrectly entered. should be 2279,-720,2010/10/15 15:48,0,,United Kingdom
528368,22951,60 CAKE CASES DOLLY GIRL DESIGN,3,2010/10/21 16:30,0.55,13581,United Kingdom
520062,21328,BALLOONS  WRITING SET ,6,2010/8/23 16:01,1.65,14395,United Kingdom
531767,22946,WOODEN ADVENT CALENDAR CREAM,1,2010/11/9 14:04,16.95,17841,United Kingdom
531335,22726,ALARM CLOCK BAKELIKE GREEN,2,2010/11/7 12:36,3.75,17931,United Kingdom
506730,90201A,PURPLE ENAMEL FLOWER RING,6,2010/5/4 10:10,2.95,14911,EIRE
518900,84692,BOX OF 24 COCKTAIL PARASOLS,100,2010/8/12 14:11,0.42,15061,United Kingdom
497274,84968B,S/16 VINTAGE IVORY CUTLERY,1,2010/2/8 13:56,12.75,16781,United Kingdom
536412,21710,FOLDING UMBRELLA PINKWHITE POLKADOT,1,2010/12/1 11:49,4.95,17920,United Kingdom
530951,22034,ROBIN CHRISTMAS CARD,24,2010/11/4 18:34,0.42,15521,United Kingdom
537434,22178,VICTORIAN GLASS HANGING T-LIGHT,14,2010/12/6 16:57,2.51,,United Kingdom
501281,22138,BAKING SET 9 PIECE RETROSPOT ,3,2010/3/15 14:15,4.95,14911,EIRE
528382,22814,CARD PARTY GAMES ,1,2010/10/21 18:01,0.85,,United Kingdom
519279,37450,CERAMIC CAKE BOWL + HANGING CAKES,6,2010/8/16 10:37,2.95,13468,United Kingdom
520046,22059,CERAMIC STRWBERRY DESIGN MUG,2,2010/8/23 14:38,1.49,15005,United Kingdom
504885,84795E,RIO PINK STRIPE HAMMOCK,1,2010/4/18 13:31,7.95,17969,United Kingdom
509038,22197,SMALL POPCORN HOLDER,12,2010/5/20 9:53,0.85,15410,United Kingdom
522948,82494L,WOODEN FRAME ANTIQUE WHITE ,12,2010/9/19 10:05,2.95,17243,United Kingdom
514812,22717,CARD DOG AND BALL ,12,2010/7/6 12:01,0.42,17377,United Kingdom
501613,22265,EASTER DECORATION NATURAL CHICK,2,2010/3/18 10:56,0.65,15311,United Kingdom
522949,22571,ROCKING HORSE RED CHRISTMAS ,12,2010/9/19 10:20,0.85,13998,United Kingdom
538035,22078,RIBBON REEL LACE DESIGN ,1,2010/12/9 13:03,2.1,16065,United Kingdom
521426,21212,PACK OF 72 RETRO SPOT CAKE CASES,24,2010/9/6 11:21,0.55,12490,France
532594,21063,PARTY INVITES JAZZ HEARTS,12,2010/11/12 14:50,0.85,15498,United Kingdom
490386,22065,CHRISTMAS PUDDING TRINKET POT ,12,2009/12/5 14:57,1.45,15240,United Kingdom
512946,84536A,ENGLISH ROSE NOTEBOOK A7 SIZE,6,2010/6/20 15:32,0.42,17625,United Kingdom
518344,21746,SMALL RED RETROSPOT WINDMILL,12,2010/8/6 14:00,1.25,14139,United Kingdom
490340,21353,SILVER SLEIGHBELL  WREATH,2,2009/12/4 15:40,7.95,13174,United Kingdom
490100,79029,GLASS HONEYPOT WASP CATCHER,1,2009/12/3 16:21,1.95,13001,United Kingdom
520214,22567,20 DOLLY PEGS RETROSPOT,48,2010/8/25 7:46,1.06,14895,United Kingdom
509191,22027,TEA PARTY BIRTHDAY CARD,12,2010/5/20 17:43,0.42,15660,United Kingdom
514163,82607A,GLASS BONBON JAR PARFUME AUX FLEURE,4,2010/6/30 15:34,1.25,16283,United Kingdom
522987,84030E,ENGLISH ROSE HOT WATER BOTTLE,2,2010/9/19 14:51,4.25,17625,United Kingdom
524327,22411,JUMBO SHOPPER VINTAGE RED PAISLEY,10,2010/9/28 15:07,4.21,,United Kingdom
510587,22627,MINT KITCHEN SCALES,2,2010/6/2 9:03,8.5,17745,United Kingdom
495925,84992,72 SWEETHEART FAIRY CAKE CASES,6,2010/1/27 14:38,0.55,17861,United Kingdom
513788,22176,BLUE OWL SOFT TOY,6,2010/6/28 15:19,2.95,13152,United Kingdom
518981,21232,STRAWBERRY CERAMIC TRINKET BOX,3,2010/8/12 16:41,2.51,,United Kingdom
528782,22909,SET OF 20 VINTAGE CHRISTMAS NAPKINS,12,2010/10/25 10:00,0.85,13462,United Kingdom
505568,22528,GARDENERS KNEELING PAD,144,2010/4/23 11:12,1.06,13694,United Kingdom
492425,21396,RED SPOTTY EGG CUP ,1,2009/12/16 17:58,3.43,,United Kingdom
489517,84997A,GREEN 3 PIECE MINI DOTS CUTLERY SET,12,2009/12/1 11:34,3.75,16329,United Kingdom
521555,20669,RED HEART LUGGAGE TAG,1,2010/9/6 16:17,2.51,,United Kingdom
534402,22575,METAL MERRY CHRISTMAS WREATH,8,2010/11/22 13:48,1.95,14825,United Kingdom
515809,84520B,PACK 20 ENGLISH ROSE PAPER NAPKINS,2,2010/7/14 17:13,1.66,,United Kingdom
522338,22470,HEART OF WICKER LARGE,6,2010/9/14 10:41,2.95,13537,United Kingdom
525287,21506,"FANCY FONT BIRTHDAY CARD, ",48,2010/10/5 8:36,0.36,15061,United Kingdom
515480,21293,MIRRORED DOVE WALL DECORATION,24,2010/7/13 10:17,2.1,17340,United Kingdom
493819,20715,LITTLE FLOWER SHOPPER BAG,400,2010/1/7 12:34,1.06,14156,EIRE
499234,22499,WOODEN UNION JACK BUNTING,12,2010/2/25 12:37,5.95,13771,United Kingdom
508467,21931,JUMBO STORAGE BAG SUKI,2,2010/5/16 10:44,1.95,13561,United Kingdom
500751,85206B,PINK FELT EASTER EGG BASKET,12,2010/3/10 10:25,1.65,13081,United Kingdom
491893,21248,DOOR HANGER  MUM + DADS ROOM,1,2009/12/14 15:17,1.45,16805,United Kingdom
493954,82482,WOODEN PICTURE FRAME WHITE FINISH,6,2010/1/8 14:10,2.55,18170,United Kingdom
526650,22415,WHITE TISSUE REAM,1,2010/10/12 13:53,7.95,16814,United Kingdom
536556,21843,RED RETROSPOT CAKE STAND,1,2010/12/1 14:38,10.95,17643,United Kingdom
535097,22633,HAND WARMER UNION JACK,12,2010/11/25 10:41,2.1,16293,United Kingdom
519358,21470,FLOWER VINE RAFFIA FOOD COVER,1,2010/8/16 12:36,7.62,,United Kingdom
512459,22197,SMALL POPCORN HOLDER,24,2010/6/16 9:58,0.85,15329,United Kingdom
525524,22470,HEART OF WICKER LARGE,2,2010/10/5 17:55,2.95,15750,United Kingdom
499241,21387,,16,2010/2/25 13:24,0,,United Kingdom
535844,22768,FAMILY PHOTO FRAME CORNICE,2,2010/11/29 10:33,9.95,14119,United Kingdom
499850,37495,FAIRY CAKE BIRTHDAY CANDLE SET,4,2010/3/2 16:36,3.75,13593,United Kingdom
529714,22433,WATERING CAN GREEN DINOSAUR,4,2010/10/29 13:26,1.95,18025,United Kingdom
507879,21165,BEWARE OF THE CAT METAL SIGN ,1,2010/5/11 15:03,1.69,16805,United Kingdom
520894,35972,DAISY FOLKART HEART DECORATION,4,2010/8/31 17:31,1.25,16549,United Kingdom
506082,21747,SMALL SKULL WINDMILL,12,2010/4/27 11:58,1.25,13178,United Kingdom
521869,20973,12 PENCIL SMALL TUBE WOODLAND,24,2010/9/9 11:12,0.65,17612,United Kingdom
513099,90087,CRYSTAL SEA HORSE PHONE CHARM,1,2010/6/21 15:13,1.66,,United Kingdom
494442,85232B,SET/3 RUSSIAN DOLL STACKING TINS,3,2010/1/14 13:02,4.95,12644,Germany
521478,21733,RED HANGING HEART T-LIGHT HOLDER,2,2010/9/6 12:55,2.95,17841,United Kingdom
520833,21928,JUMBO BAG SCANDINAVIAN PAISLEY,1,2010/8/31 12:41,4.21,,United Kingdom
508070,22327,ROUND SNACK BOXES SET OF 4 SKULLS,6,2010/5/12 15:02,2.95,13632,United Kingdom
497240,84032B,CHARLIE + LOLA RED HOT WATER BOTTLE,4,2010/2/8 11:06,2.95,16161,United Kingdom
535789,22549,PICTURE DOMINOES,12,2010/11/28 14:18,1.45,12605,Germany
521488,84912A,PINK ROSE WASHBAG,1,2010/9/6 13:42,3.36,,United Kingdom
500030,47562,ENGLISH ROSE IRONING BOARD COVER,3,2010/3/4 11:29,3.75,14527,United Kingdom
492783,22243,"HOOK, 5 HANGER ,MAGIC TOADSTOOL RED",2,2009/12/18 17:15,3.43,,United Kingdom
522858,84078A,SET/4 WHITE RETRO STORAGE CUBES ,4,2010/9/17 11:33,42.51,,United Kingdom
516977,21086,SET/6 RED SPOTTY PAPER CUPS,1,2010/7/26 10:55,1.66,,United Kingdom
512755,21987,PACK OF 6 SKULL PAPER CUPS,24,2010/6/17 15:34,0.65,13115,United Kingdom
515149,22326,ROUND SNACK BOXES SET OF4 WOODLAND ,6,2010/7/8 14:45,2.95,12963,United Kingdom
514163,20975,12 PENCILS SMALL TUBE RED SPOTTY,1,2010/6/30 15:34,0.65,16283,United Kingdom
537202,20972,PINK CREAM FELT CRAFT TRINKET BOX ,6,2010/12/5 14:25,1.25,14506,United Kingdom
536016,21892,TRADITIONAL WOODEN CATCH CUP GAME ,1,2010/11/29 15:36,1.25,17315,United Kingdom
518748,22083,PAPER CHAIN KIT RETRO SPOT,1,2010/8/11 12:19,2.95,14700,United Kingdom
C511649,21534,DAIRY MAID LARGE MILK JUG,-1,2010/6/9 13:55,4.95,14543,United Kingdom
535953,22867,HAND WARMER BIRD DESIGN,6,2010/11/29 12:13,2.1,15039,United Kingdom
523289,21807,WHITE CHRISTMAS STAR DECORATION,36,2010/9/21 12:17,0.42,18287,United Kingdom
512168,21647,ASSORTED TUTTI FRUTTI LARGE PURSE,1,2010/6/14 11:24,4.21,,United Kingdom
534396,72807C,SET/3 VANILLA SCENTED CANDLE IN BOX,24,2010/11/22 13:15,3.81,15497,United Kingdom
500324,21206,STRAWBERRY HONEYCOMB  GARLAND ,1,2010/3/7 12:10,1.65,15443,United Kingdom
535399,22551,PLASTERS IN TIN SPACEBOY,1,2010/11/26 11:01,1.65,15550,United Kingdom
535399,22551,PLASTERS IN TIN SPACEBOY,1,2010/11/26 11:01,1.65,15550,United Kingdom
514979,21485,RED SPOT HEART HOT WATER BOTTLE,24,2010/7/7 13:38,4.25,14911,EIRE
492425,22185,SLATE TILE NATURAL HANGING,1,2009/12/16 17:58,3.43,,United Kingdom
499405,84077,WORLD WAR 2 GLIDERS ASSTD DESIGNS,144,2010/2/26 14:35,0.21,14739,United Kingdom
532139,22576,SWALLOW WOODEN CHRISTMAS DECORATION,1,2010/11/11 11:18,1.66,,United Kingdom
521557,22437,SET OF 9 BLACK SKULL BALLOONS,10,2010/9/6 17:13,0.85,13983,United Kingdom
497213,21790,VINTAGE SNAP CARDS,12,2010/2/7 14:07,0.85,14735,United Kingdom
532382,21818,GLITTER CHRISTMAS HEART ,10,2010/11/11 18:24,0.85,16081,United Kingdom
507838,21790,VINTAGE SNAP CARDS,6,2010/5/11 13:30,0.85,15034,United Kingdom
519343,22129,PARTY CONES CANDY TREE DECORATION,12,2010/8/16 12:12,0.85,12687,Sweden
498517,21670,BLUE SPOT CERAMIC DRAWER KNOB,18,2010/2/19 12:34,1.25,15808,United Kingdom
503157,22288,"DECORATION , HANGING METAL RABBIT",2,2010/3/30 12:40,1.25,15719,United Kingdom
493157,85231B,CINAMMON SET OF 9 T-LIGHTS,2,2009/12/22 11:41,0.85,15911,United Kingdom
509356,21519,GIN & TONIC DIET GREETING CARD ,12,2010/5/21 14:01,0.42,13148,United Kingdom
516625,20711,JUMBO BAG TOYS ,1,2010/7/21 17:56,4.21,,United Kingdom
507177,21080,SET/20 RED SPOTTY PAPER NAPKINS ,1,2010/5/6 15:09,1.66,,United Kingdom
507235,15044D,RED PAPER PARASOL,24,2010/5/7 9:04,2.55,14298,United Kingdom
536582,22530,MAGIC DRAWING SLATE DOLLY GIRL ,24,2010/12/1 16:21,0.42,12947,United Kingdom
532635,82600,NO SINGING METAL SIGN,48,2010/11/12 15:40,1.69,15856,United Kingdom
493139,21888,BINGO SET,1,2009/12/22 11:32,3.75,15311,United Kingdom
491043,21671,RED SPOT CERAMIC DRAWER KNOB,8,2009/12/9 9:51,2.57,,United Kingdom
491064,21934,SKULL SHOULDER BAG,1,2009/12/9 11:58,1.65,16782,United Kingdom
532107,72800E,4 IVORY DINNER CANDLES SILVER FLOCK,4,2010/11/10 16:31,2.55,17293,United Kingdom
515511,21035,SET/2 RED SPOTTY TEA TOWELS ,4,2010/7/13 11:57,2.95,14590,United Kingdom
513574,22245,"HOOK, 1 HANGER ,MAGIC GARDEN",1,2010/6/25 15:13,1.66,,United Kingdom
527965,21154,RED RETROSPOT OVEN GLOVE ,10,2010/10/20 9:46,1.25,17865,United Kingdom
517329,84755,COLOUR GLASS T-LIGHT HOLDER HANGING,16,2010/7/28 12:51,0.65,17059,United Kingdom
519401,22169,FAMILY ALBUM WHITE PICTURE FRAME,4,2010/8/16 16:54,8.5,13564,United Kingdom
529573,22080,RIBBON REEL POLKADOTS ,5,2010/10/28 18:54,1.65,16242,United Kingdom
494381,22251,BIRDHOUSE DECORATION MAGIC GARDEN,1,2010/1/13 17:44,2.51,,United Kingdom
534859,22738,RIBBON REEL SNOWY VILLAGE,3,2010/11/24 13:56,3.36,,United Kingdom
529599,47566,PARTY BUNTING,5,2010/10/29 9:41,4.65,16635,United Kingdom
532953,22144,CHRISTMAS CRAFT LITTLE FRIENDS,6,2010/11/15 12:17,4.21,,United Kingdom
519715,21928,JUMBO BAG SCANDINAVIAN PAISLEY,10,2010/8/19 16:05,1.95,13971,United Kingdom
535259,17091A,LAVENDER INCENSE IN TIN,1,2010/11/25 13:18,1.25,17068,United Kingdom
522582,20750,RED/WHITE DOT MINI CASES,12,2010/9/15 12:16,6.35,14646,Netherlands
493393,21659,GLASS CAKE STAND,4,2009/12/23 13:00,14.95,12539,Spain
495406,85212,MINI PAINTED GARDEN DECORATION ,1,2010/1/25 9:54,1.66,,United Kingdom
536152,21166,COOK WITH WINE METAL SIGN ,1,2010/11/30 11:50,1.95,16223,United Kingdom
536152,21166,COOK WITH WINE METAL SIGN ,1,2010/11/30 11:50,1.95,16223,United Kingdom
533964,21259,VICTORIAN SEWING BOX SMALL ,3,2010/11/19 13:05,12.72,,United Kingdom
504910,84875D,BLUE SQUARE COMPACT MIRROR,24,2010/4/19 9:35,1.25,17850,United Kingdom
515012,21576,LETS GO SHOPPING COTTON TOTE BAG,2,2010/7/7 16:14,2.25,15581,United Kingdom
513964,21931,JUMBO STORAGE BAG SUKI,20,2010/6/29 15:17,1.95,12380,Belgium
507735,22052,VINTAGE CARAVAN GIFT WRAP,25,2010/5/11 12:10,0.42,17321,United Kingdom
513020,22499,WOODEN UNION JACK BUNTING,3,2010/6/21 11:57,5.95,13707,United Kingdom
511279,21746,SMALL RED RETROSPOT WINDMILL,6,2010/6/7 13:53,1.25,17412,United Kingdom
506842,22395,PAPERWEIGHT VINTAGE PAISLEY,1,2010/5/4 14:07,2.55,16938,United Kingdom
534655,22151,PLACE SETTING WHITE HEART,24,2010/11/23 13:35,0.42,17165,United Kingdom
517478,20727,LUNCH BAG  BLACK SKULL.,6,2010/7/29 12:21,1.65,14451,United Kingdom
C495738,ADJUST,Adjustment by john on 26/01/2010 16,-1,2010/1/26 16:24,26.25,12454,Spain
490302,84997B,RED 3 PIECE MINI DOTS CUTLERY SET,1,2009/12/4 14:29,3.75,17841,United Kingdom
530423,22171,3 HOOK PHOTO SHELF ANTIQUE WHITE,2,2010/11/3 9:36,8.5,14732,United Kingdom
529939,84509B,SET OF 4 FAIRY CAKE PLACEMATS,1,2010/10/31 14:50,3.75,14805,United Kingdom
537794,48138,DOORMAT UNION FLAG,1,2010/12/8 13:01,7.95,16713,United Kingdom
532063,22946,WOODEN ADVENT CALENDAR CREAM,1,2010/11/10 14:48,34,,United Kingdom
489574,22215,CAKE STAND WHITE TWO TIER LACE,2,2009/12/1 13:31,8.5,13097,United Kingdom
532614,21430,SET/3 RED GINGHAM ROSE STORAGE BOX,3,2010/11/12 15:21,7.62,,United Kingdom
491971,85049B,LUSH GREENS RIBBONS,1,2009/12/14 18:37,2.57,,United Kingdom
532306,22949,36 DOILIES DOLLY GIRL,2,2010/11/11 14:29,1.45,12637,France
535760,22121,NOEL WOODEN BLOCK LETTERS ,1,2010/11/28 13:26,5.95,14454,United Kingdom
501158,22138,BAKING SET 9 PIECE RETROSPOT ,24,2010/3/15 8:48,4.25,17809,United Kingdom
535835,84347,ROTATING SILVER ANGELS T-LIGHT HLDR,7,2010/11/29 9:46,5.06,,United Kingdom
530432,71053,WHITE METAL LANTERN,4,2010/11/3 10:43,3.75,13562,United Kingdom
537227,21731,RED TOADSTOOL LED NIGHT LIGHT,12,2010/12/6 8:42,1.65,17677,United Kingdom
517814,M,Manual,1,2010/8/2 11:44,1870.17,,United Kingdom
491385,85123A,WHITE HANGING HEART T-LIGHT HOLDER,32,2009/12/10 16:10,2.55,17675,United Kingdom
512403,85063,CREAM SWEETHEART MAGAZINE RACK,3,2010/6/15 12:54,16.95,15816,United Kingdom
535953,82486,WOOD S/3 CABINET ANT WHITE FINISH,2,2010/11/29 12:13,7.95,15039,United Kingdom
522723,21364,PEACE SMALL WOOD LETTERS,1,2010/9/16 12:27,6.75,14701,United Kingdom
513732,82484,WOOD BLACK BOARD ANT WHITE FINISH,12,2010/6/28 12:04,5.55,15791,United Kingdom
493079,22065,CHRISTMAS PUDDING TRINKET POT ,1,2009/12/22 9:52,3.43,,United Kingdom
503336,22081,RIBBON REEL FLORA + FAUNA ,5,2010/3/31 12:23,1.65,13059,United Kingdom
528407,21509,COWBOYS AND INDIANS BIRTHDAY CARD ,12,2010/10/22 9:09,0.42,17863,United Kingdom
499769,84467,ENGLISH ROSE DESIGN QUILTED THROW,12,2010/3/2 13:25,12.75,13694,United Kingdom
489544,21813,GARLAND WITH STARS AND BELLS,6,2009/12/1 12:20,4.95,14341,United Kingdom
511803,22423,REGENCY CAKESTAND 3 TIER,6,2010/6/10 15:22,12.75,13658,United Kingdom
512948,82484,WOOD BLACK BOARD ANT WHITE FINISH,2,2010/6/20 15:58,6.45,13230,United Kingdom
520018,20886,BOX OF 9 PEBBLE CANDLES,24,2010/8/23 11:58,1.95,18140,West Indies
537638,21355,TOAST ITS - I LOVE YOU ,1,2010/12/7 15:28,2.51,,United Kingdom
526941,22467,GUMBALL COAT RACK,6,2010/10/14 10:16,2.55,12374,Austria
526415,21736,GOLD SCROLL GLASS T-LIGHT HOLDER,6,2010/10/11 14:21,2.1,,United Kingdom
508221,22275,WEEKEND BAG VINTAGE ROSE PAISLEY,1,2010/5/13 15:41,8.5,18225,United Kingdom
490504,21009,ETCHED GLASS STAR TREE DECORATION,6,2009/12/6 14:03,1.25,15311,United Kingdom
501007,85176,SEWING SUSAN 21 NEEDLE SET,12,2010/3/11 14:51,0.85,16126,United Kingdom
499073,21786,RAIN HAT WITH RED SPOTS,1,2010/2/24 15:23,0.81,,United Kingdom
537034,20963,APPLE BATH SPONGE,20,2010/12/3 17:20,1.25,13081,United Kingdom
536373,84406B,CREAM CUPID HEARTS COAT HANGER,8,2010/12/1 9:02,2.75,17850,United Kingdom
530382,22427,ENAMEL FLOWER JUG CREAM,12,2010/11/2 17:01,5.45,14363,United Kingdom
522997,21531,RED RETROSPOT SUGAR JAM BOWL,1,2010/9/19 15:47,2.55,16770,United Kingdom
508755,48187,DOOR MAT NEW ENGLAND,2,2010/5/18 11:53,7.49,12835,United Kingdom
497378,22189,CREAM HEART CARD HOLDER,12,2010/2/9 11:39,3.95,13089,United Kingdom
509161,20724,RED SPOTTY CHARLOTTE BAG,10,2010/5/20 13:42,0.85,14850,United Kingdom
492705,21536,DAIRY MAID  SMALL  MILK JUG,3,2009/12/17 19:42,2.1,14702,United Kingdom
522090,22175,PINK OWL SOFT TOY,1,2010/9/12 12:46,2.95,16799,United Kingdom
502613,47591C,BLUE FAIRY CAKE CHILD'S APRON,1,2010/3/25 14:22,1.95,14535,United Kingdom
509754,82582,AREA PATROLLED METAL SIGN,12,2010/5/25 14:33,2.1,14110,United Kingdom
502596,22029,SPACEBOY BIRTHDAY CARD,12,2010/3/25 13:15,0.42,16553,United Kingdom
C495999,22168,ORGANISER WOOD ANTIQUE WHITE ,-1,2010/1/28 11:53,8.5,,United Kingdom
525129,22068,BLACK PIRATE TREASURE CHEST,2,2010/10/4 11:44,1.65,16400,United Kingdom
527879,21275,ZINC TOP  2 DOOR WOODEN SHELF ,1,2010/10/19 11:44,16.95,14524,United Kingdom
517337,21232,STRAWBERRY CERAMIC TRINKET BOX,12,2010/7/28 13:38,1.25,16177,United Kingdom
500998,22080,RIBBON REEL SPOTS DESIGN ,10,2010/3/11 13:43,1.65,12957,United Kingdom
499596,22262,FELT EGG COSY CHICKEN,4,2010/3/1 12:21,0.85,16511,United Kingdom
503353,84945,MULTI COLOUR SILVER T-LIGHT HOLDER,192,2010/3/31 13:39,0.72,15311,United Kingdom
529323,21479,WHITE SKULL HOT WATER BOTTLE ,1,2010/10/27 14:05,3.75,16713,United Kingdom
529068,22112,CHOCOLATE HOT WATER BOTTLE,2,2010/10/26 12:14,11.02,,United Kingdom
519514,21777,RECIPE BOX WITH METAL HEART,48,2010/8/18 9:19,6.95,14156,EIRE
533145,22812,PACK 3 BOXES CHRISTMAS PANNETONE,12,2010/11/16 13:35,5.06,,United Kingdom
489597,21479,WHITE SKULL HOT WATER BOTTLE ,1,2009/12/1 14:28,7.78,,United Kingdom
507063,21078,SET/20 STRAWBERRY PAPER NAPKINS ,12,2010/5/6 10:28,0.85,17469,United Kingdom
521975,21670,BLUE SPOT CERAMIC DRAWER KNOB,6,2010/9/9 20:00,1.25,13969,United Kingdom
532297,21819,GLITTER CHRISTMAS STAR ,9,2010/11/11 13:50,0.85,13979,United Kingdom
496907,20725,LUNCH BAG RED SPOTTY,10,2010/2/4 14:48,1.65,16986,United Kingdom
508906,84884A,ANT WHITE WIRE HEART SPIRAL,5,2010/5/19 9:53,3.95,13152,United Kingdom
490741,77081,FLOWER WINDMILL,2,2009/12/7 17:56,2.57,,United Kingdom
535264,21363,HOME SMALL WOOD LETTERS,1,2010/11/25 13:29,4.95,15020,United Kingdom
535264,21363,HOME SMALL WOOD LETTERS,1,2010/11/25 13:29,4.95,15020,United Kingdom
521817,22488,NATURAL SLATE RECTANGLE CHALKBOARD,12,2010/9/8 15:38,1.65,16134,United Kingdom
506842,21500,PINK SPOTS  WRAP ,25,2010/5/4 14:07,0.42,16938,United Kingdom
506162,47566B,TEA TIME PARTY BUNTING,5,2010/4/28 9:15,4.65,13081,United Kingdom
493715,21621,VINTAGE UNION JACK BUNTING,1,2010/1/5 16:38,8.5,14954,United Kingdom
537463,21137,BLACK RECORD COVER FRAME,4,2010/12/7 10:08,3.75,12681,France
529815,20727,LUNCH BAG  BLACK SKULL.,1,2010/10/31 11:12,1.65,13561,United Kingdom
513605,21231,SWEETHEART CERAMIC TRINKET BOX,1,2010/6/27 11:45,1.25,13230,United Kingdom
510483,21213,PACK OF 72 SKULL CAKE CASES,1,2010/6/1 11:27,0.55,16960,United Kingdom
489897,21490,SET OF THREE 50'S GIFT WRAPS ,12,2009/12/3 9:10,1.95,15255,United Kingdom
505083,22326,ROUND SNACK BOXES SET OF4 WOODLAND ,6,2010/4/20 9:56,2.95,12623,Germany
491970,21916,SET 12 RETRO WHITE CHALK STICKS,1,2009/12/14 18:03,0.83,,United Kingdom
527428,21822,GLITTER CHRISTMAS TREE WITH BELLS,6,2010/10/17 16:17,1.95,16283,United Kingdom
510663,84687,BEACH HUT SHELF W 3 DRAWERS,24,2010/6/2 14:48,1.95,13694,United Kingdom
523337,48111,DOORMAT 3 SMILEY CATS,1,2010/9/21 15:11,7.95,16033,United Kingdom
531506,22574,HEART WOODEN CHRISTMAS DECORATION,12,2010/11/8 15:34,0.85,12472,Germany
503426,84520B,PACK 20 ENGLISH ROSE PAPER NAPKINS,3,2010/3/31 17:28,1.66,,United Kingdom
502288,84597B,RETRO BROWN BALL ASHTRAY ,12,2010/3/24 8:31,1.25,12681,France
498112,21843,RETRO SPOT CAKE STAND,2,2010/2/16 14:30,10.95,12972,United Kingdom
489857,21931,JUMBO STORAGE BAG SUKI,2,2009/12/2 14:43,4.3,,United Kingdom
537900,85172,HYACINTH BULB T-LIGHT CANDLES,32,2010/12/9 10:45,0.42,15983,United Kingdom
C504129,84770,ROUND GEORGIAN SILVER MIRROR,-6,2010/4/11 11:00,2.95,14401,United Kingdom
527951,20782,CAMOUFLAGE EAR MUFF HEADPHONES,2,2010/10/19 15:36,11.02,,United Kingdom
501619,21889,WOODEN BOX OF DOMINOES,12,2010/3/18 11:28,1.25,14299,United Kingdom
506308,21936,RED RETROSPOT PICNIC BAG,5,2010/4/29 10:54,2.95,14911,EIRE
517871,22155,STAR DECORATION RUSTIC,1,2010/8/2 15:25,0.42,16814,United Kingdom
519575,21175,GIN + TONIC DIET METAL SIGN,12,2010/8/18 12:42,2.1,18215,United Kingdom
515609,21936,RED RETROSPOT PICNIC BAG,1,2010/7/13 15:44,5.91,,United Kingdom
508328,47591D,PINK FAIRY CAKE CHILD'S APRON,5,2010/5/14 11:50,1.95,16161,United Kingdom
525263,22083,PAPER CHAIN KIT RETROSPOT,18,2010/10/4 15:44,2.95,15738,United Kingdom
525906,15056N,EDWARDIAN PARASOL NATURAL,12,2010/10/7 16:08,5.95,14031,United Kingdom
501320,21210,SET OF 72 RETRO SPOT PAPER  DOILIES,12,2010/3/16 9:49,1.45,15123,United Kingdom
495574,40003,WHITE BAMBOO RIBS LAMPSHADE,1,2010/1/25 17:36,3.36,,United Kingdom
530510,35400,WOODEN BOX ADVENT CALENDAR ,2,2010/11/3 12:11,8.95,15281,United Kingdom
521148,84991,60 TEATIME FAIRY CAKE CASES,1,2010/9/2 13:27,0.55,16065,United Kingdom
533788,21622,VINTAGE UNION JACK CUSHION COVER,4,2010/11/18 17:10,4.95,13305,United Kingdom
521357,21558,SKULL LUNCH BOX WITH CUTLERY ,3,2010/9/3 16:04,5.06,,United Kingdom
532964,22645,CERAMIC HEART FAIRY CAKE MONEY BANK,4,2010/11/15 12:43,1.45,15493,United Kingdom
532964,22645,CERAMIC HEART FAIRY CAKE MONEY BANK,4,2010/11/15 12:43,1.45,15493,United Kingdom
513768,21917,SET 12 KIDS  WHITE CHALK STICKS,24,2010/6/28 13:43,0.42,17667,United Kingdom
509437,21121,SET/10 RED SPOTTY PARTY CANDLES,96,2010/5/23 15:21,1.25,12409,Switzerland
491240,85049E,SCANDINAVIAN REDS RIBBONS,24,2009/12/10 14:50,1.25,13831,United Kingdom
536592,22311,OFFICE MUG WARMER BLACK+SILVER ,2,2010/12/1 17:06,5.91,,United Kingdom
499274,21080,SET/20 RED SPOTTY PAPER NAPKINS ,3,2010/2/25 16:58,0.85,14898,United Kingdom
508735,21504,SKULLS GREETING CARD,12,2010/5/18 10:38,0.42,15241,United Kingdom
489604,22149,FELTCRAFT 6 FLOWER FRIENDS,3,2009/12/1 14:47,4.3,,United Kingdom
500880,21094,SET/6 RED SPOTTY PAPER PLATES,12,2010/3/10 14:49,0.85,15544,United Kingdom
530332,22578,WOODEN STAR CHRISTMAS SCANDINAVIAN,18,2010/11/2 13:57,0.85,,United Kingdom
531922,21429,RED GINGHAM ROSE JEWELLERY BOX,5,2010/11/10 12:09,1.65,17974,United Kingdom
496615,22297,HEART IVORY TRELLIS SMALL,2,2010/2/3 8:50,2.51,,United Kingdom
493073,48195,DOOR MAT GREEN PAISLEY ,1,2009/12/22 9:41,13.87,,United Kingdom
C526137,72807A,SET/3 ROSE CANDLE IN JEWELLED BOX,-3,2010/10/8 14:24,4.25,14425,United Kingdom
523202,22866,HAND WARMER SCOTTY DOG DESIGN,12,2010/9/21 9:48,2.1,16156,United Kingdom
507613,21928,JUMBO BAG SCANDINAVIAN PAISLEY,2,2010/5/10 14:06,1.95,15005,United Kingdom
521813,21172,PARTY METAL SIGN ,12,2010/9/8 15:06,1.45,13384,United Kingdom
499752,84770,ROUND GEORGIAN SILVER MIRROR,6,2010/3/2 11:53,2.95,17477,United Kingdom
496222,85099F,JUMBO BAG STRAWBERRY,10,2010/1/29 13:53,1.95,13583,United Kingdom
536945,37489C,GREEN/BLUE FLOWER DESIGN BIG MUG,1,2010/12/3 12:24,1.95,14083,United Kingdom
504451,37503,TEA TIME CAKE STAND IN GIFT BOX,12,2010/4/13 15:01,9.95,16709,United Kingdom
529727,21174,POTTERING IN THE SHED METAL SIGN,1,2010/10/29 14:12,4.21,,United Kingdom
514345,21528,DAIRY MAID TRADITIONAL TEAPOT ,2,2010/7/1 15:25,6.95,13963,United Kingdom
497166,22356,"CHARLOTTE BAG , PINK/WHITE SPOTS",1,2010/2/5 17:21,1.66,,United Kingdom
C528317,20749,ASSORTED COLOUR MINI CASES,-1,2010/10/21 12:31,7.95,14606,United Kingdom
503867,84568,GIRLS ALPHABET IRON ON PATCHES ,288,2010/4/8 11:16,0.21,13712,United Kingdom
531746,22667,RECIPE BOX RETROSPOT ,2,2010/11/9 13:00,2.95,14527,United Kingdom
516960,79000,MOROCCAN TEA GLASS,48,2010/7/26 8:39,0.85,12949,United Kingdom
522902,22381,TOY TIDY PINK RETROSPOT  ,5,2010/9/17 12:29,2.1,12554,Spain
505854,85217,ASSORTED ICE CREAM FRIDGE MAGNETS,6,2010/4/26 12:51,0.65,14563,United Kingdom
516471,22297,HEART IVORY TRELLIS SMALL,24,2010/7/20 15:46,1.25,16150,United Kingdom
528657,22557,PLASTERS IN TIN VINTAGE PAISLEY ,1,2010/10/24 12:44,1.65,14277,France
498901,84559B,3D SHEET OF CAT STICKERS,2,2010/2/23 14:12,0.85,15311,United Kingdom
525413,22222,CAKE PLATE LOVEBIRD WHITE,2,2010/10/5 12:39,4.95,14470,United Kingdom
498133,22301,COFFEE MUG CAT + BIRD DESIGN,1,2010/2/16 17:24,5.06,,United Kingdom
515685,48187,DOORMAT NEW ENGLAND,2,2010/7/14 11:54,7.49,16499,United Kingdom
534163,82482,WOODEN PICTURE FRAME WHITE FINISH,6,2010/11/21 13:00,2.55,14512,United Kingdom
534319,22579,WOODEN TREE CHRISTMAS SCANDINAVIAN,1,2010/11/22 11:37,1.66,,United Kingdom
506003,22139,RETRO SPOT TEA SET CERAMIC 11 PC ,6,2010/4/27 11:15,4.95,16652,United Kingdom
490067,82486,WOOD S/3 CABINET ANT WHITE FINISH,12,2009/12/3 14:02,6.95,15856,United Kingdom
491674,21307,SET/4 BUTTERFLY MIRROR MAGNETS,48,2009/12/13 12:04,0.38,17593,United Kingdom
520344,22064,PINK DOUGHNUT TRINKET POT ,2,2010/8/25 13:05,1.65,13680,United Kingdom
519462,22674,FRENCH TOILET SIGN BLUE METAL,12,2010/8/17 11:21,1.25,17511,United Kingdom
523513,15056BL,EDWARDIAN PARASOL BLACK,6,2010/9/22 12:38,4.95,17850,United Kingdom
528073,85099B,JUMBO BAG RED RETROSPOT,10,2010/10/20 12:26,1.95,14700,United Kingdom
535660,22454,MEASURING TAPE BABUSHKA RED,3,2010/11/28 11:27,2.95,17150,United Kingdom
517971,22577,WOODEN HEART CHRISTMAS SCANDINAVIAN,10,2010/8/3 13:18,0.85,15727,United Kingdom
537159,22865,HAND WARMER OWL DESIGN,7,2010/12/5 13:17,2.1,14527,United Kingdom
497221,84657,GREEN ROSE CUSHION COVER,1,2010/2/7 15:07,5.95,17550,United Kingdom
497221,84657,GREEN ROSE CUSHION COVER,1,2010/2/7 15:07,5.95,17550,United Kingdom
515181,22556,PLASTERS IN TIN CIRCUS PARADE ,2,2010/7/8 19:12,1.65,17231,United Kingdom
512544,22348,TEA BAG PLATE RED SPOTTY ,8,2010/6/16 13:20,0.85,16327,United Kingdom
521169,22383,LUNCH BAG SUKI  DESIGN ,3,2010/9/2 15:09,5.06,,United Kingdom
532667,22573,STAR WOODEN CHRISTMAS DECORATION,1,2010/11/14 11:41,0.85,16121,United Kingdom
517577,22411,JUMBO SHOPPER VINTAGE RED PAISLEY,2,2010/7/30 10:33,1.95,,United Kingdom
527922,46000M,POLYESTER FILLER PAD 45x45cm,12,2010/10/19 13:18,1.55,13615,United Kingdom
507840,22496,SET OF 2 ROUND TINS DUTCH CHEESE,1,2010/5/11 13:38,2.95,16487,United Kingdom
518230,22061,LARGE CAKE STAND  HANGING STRAWBERY,1,2010/8/5 15:14,9.95,14395,United Kingdom
530953,22840,ROUND CAKE TIN VINTAGE RED,1,2010/11/4 18:42,7.95,18168,United Kingdom
494790,21068,VINTAGE BILLBOARD LOVE/HATE MUG,12,2010/1/18 13:55,1.25,17048,United Kingdom
489436,21754,HOME BUILDING BLOCK WORD,3,2009/12/1 9:06,5.95,13078,United Kingdom
534633,22680,FRENCH BLUE METAL DOOR SIGN 5,1,2010/11/23 13:01,1.25,12573,France
528337,22441,GROW YOUR OWN BASIL IN ENAMEL MUG,8,2010/10/21 14:02,2.1,15255,United Kingdom
498400,16244A,MAXWELL 2 TONE PINK 60 PAGE PHOTO A,1,2010/2/18 15:33,4.25,15005,United Kingdom
530830,20969,RED FLORAL FELTCRAFT SHOULDER BAG,3,2010/11/4 13:32,3.75,15580,United Kingdom
515768,84673A,PINK FLY SWAT,1,2010/7/14 14:30,0.65,18096,United Kingdom
515768,84673A,PINK FLY SWAT,1,2010/7/14 14:30,0.65,18096,United Kingdom
503904,21681,GIANT MEDINA STAMPED METAL BOWL ,2,2010/4/8 12:13,9.95,14533,United Kingdom
523493,48138,DOORMAT UNION FLAG,2,2010/9/22 11:55,7.95,15719,United Kingdom
497347,37492D,PURPLE GREEN FLOWER PIGGY BANK,1,2010/2/8 16:06,4.65,17774,United Kingdom
521646,21876,POTTERING MUG,1,2010/9/7 13:20,3.36,,United Kingdom
499641,21121,SET/10 RED SPOTTY PARTY CANDLES,2,2010/3/1 14:01,1.25,17841,United Kingdom
534887,22080,RIBBON REEL POLKADOTS ,1,2010/11/24 14:55,1.65,16903,United Kingdom
495409,84032A,CHARLIE+LOLA PINK HOT WATER BOTTLE,1,2010/1/25 10:26,2.95,17810,United Kingdom
531350,16259,PIECE OF CAMO STATIONERY SET,108,2010/11/7 13:31,0.21,12748,United Kingdom
507210,22219,LOVEBIRD HANGING DECORATION WHITE ,8,2010/5/6 17:22,0.85,14156,EIRE
532291,85169A,IVORY LOVE BIRD CANDLE,2,2010/11/11 13:27,1.25,16284,United Kingdom
527957,22750,FELTCRAFT PRINCESS LOLA DOLL,12,2010/10/19 16:38,3.75,13081,United Kingdom
535803,22175,PINK OWL SOFT TOY,1,2010/11/28 14:57,2.95,14410,United Kingdom
496745,20727,LUNCH BAG  BLACK SKULL.,10,2010/2/3 14:36,1.65,16722,United Kingdom
512544,79000,MOROCCAN TEA GLASS,12,2010/6/16 13:20,0.85,16327,United Kingdom
527246,72807B,SET/3 OCEAN SCENT CANDLE JEWEL BOX,1,2010/10/15 12:20,4.25,15967,United Kingdom
C503781,46000P,POLYESTER FILLER PAD 65CMx65CM,-3,2010/4/7 11:55,4.25,13727,United Kingdom
532995,22112,CHOCOLATE HOT WATER BOTTLE,3,2010/11/15 14:36,4.95,14395,United Kingdom
517037,22624,IVORY KITCHEN SCALES,2,2010/7/26 11:42,8.5,16746,United Kingdom
528477,35970,ZINC FOLKART SLEIGH BELLS,6,2010/10/22 12:02,1.69,18022,United Kingdom
501616,84795C,OCEAN STRIPE HAMMOCK ,2,2010/3/18 11:06,7.95,16977,United Kingdom
513335,22381,TOY TIDY PINK RETROSPOT  ,5,2010/6/24 9:49,2.1,17686,United Kingdom
520992,22423,REGENCY CAKESTAND 3 TIER,1,2010/9/1 13:29,25.49,,United Kingdom
525895,21340,CLASSIC METAL BIRDCAGE PLANT HOLDER,8,2010/10/7 15:25,9.95,13854,United Kingdom
504904,85178,VICTORIAN SEWING KIT,2,2010/4/18 15:53,1.25,18069,United Kingdom
532486,22865,HAND WARMER OWL DESIGN,12,2010/11/12 11:45,2.1,12474,Germany
511061,22331,WOODLAND PARTY BAG + STICKER SET,1,2010/6/6 12:40,1.65,18112,United Kingdom
508470,37483,ENGLISH ROSE MUG IN GIFT BOX,2,2010/5/16 11:24,2.55,16922,United Kingdom
505882,22441,GROW YOUR OWN BASIL IN ENAMEL MUG,2,2010/4/26 13:44,2.1,14552,United Kingdom
508614,47594B,SCOTTIES DESIGN WASHBAG,1,2010/5/17 13:18,1.95,13432,United Kingdom
517124,82484,WOOD BLACK BOARD ANT WHITE FINISH,3,2010/7/27 9:38,6.45,12801,Sweden
523425,21790,VINTAGE SNAP CARDS,12,2010/9/22 10:22,0.85,16700,United Kingdom
504409,21733,RED HANGING HEART T-LIGHT HOLDER,12,2010/4/13 12:21,2.95,13089,United Kingdom
518205,22630,DOLLY GIRL LUNCH BOX,12,2010/8/5 11:39,1.95,13093,United Kingdom
505162,21977,PACK OF 60 PINK PAISLEY CAKE CASES,4,2010/4/20 12:13,0.55,14812,United Kingdom
522281,85084,HOLLY TOP CHRISTMAS STOCKING,4,2010/9/13 12:56,0.85,16374,United Kingdom
537034,21559,STRAWBERRY LUNCH BOX WITH CUTLERY,6,2010/12/3 17:20,2.55,13081,United Kingdom
530785,21244,BLUE POLKADOT PLATE ,8,2010/11/4 12:09,1.69,17702,United Kingdom
533141,20961,STRAWBERRY BATH SPONGE ,1,2010/11/16 13:07,1.25,17203,United Kingdom
533141,20961,STRAWBERRY BATH SPONGE ,1,2010/11/16 13:07,1.25,17203,United Kingdom
506715,21080,SET/20 RED SPOTTY PAPER NAPKINS ,5,2010/5/2 15:48,0.85,13113,United Kingdom
511047,22384,LUNCH BAG PINK RETROSPOT,1,2010/6/6 11:38,1.65,14573,United Kingdom
515021,21495,SKULLS AND CROSSBONES WRAP,25,2010/7/8 9:15,0.42,18276,United Kingdom
496297,21899,"KEY FOB , GARAGE DESIGN",8,2010/1/31 10:31,0.65,14896,United Kingdom
520900,22651,GENTLEMAN SHIRT REPAIR KIT ,12,2010/9/1 9:31,0.85,15078,United Kingdom
498853,85099C,JUMBO  BAG BAROQUE BLACK WHITE,20,2010/2/23 12:08,1.95,16779,United Kingdom
506959,21108,FAIRY CAKE FLANNEL ASSORTED COLOUR,1,2010/5/5 12:05,5.06,,United Kingdom
497512,84836,ZINC METAL HEART DECORATION,4,2010/2/10 12:26,1.25,17201,United Kingdom
507391,22088,PAPER BUNTING COLOURED LACE,1,2010/5/9 12:30,2.95,14044,United Kingdom
504886,22399,MAGNETS PACK OF 4 CHILDHOOD MEMORY,12,2010/4/18 13:38,1.25,13285,United Kingdom
532146,21245,GREEN POLKADOT PLATE ,4,2010/11/11 11:55,1.69,15039,United Kingdom
517558,22153,ANGEL DECORATION STARS ON DRESS,6,2010/7/29 19:56,0.42,17921,United Kingdom
491635,21040,MODERN VINTAGE COTTON SHOPPING BAG,96,2009/12/11 15:46,0.85,14298,United Kingdom
503721,20830,SILVER PHOTO FRAME,3,2010/4/6 15:37,4.21,,United Kingdom
513101,22424,ENAMEL BREAD BIN CREAM,2,2010/6/21 15:51,12.75,16860,United Kingdom
491340,85226A,WHITE/BLUE PULL BACK RACING CAR,1,2009/12/10 15:45,0.55,12979,United Arab Emirates
492643,21902,"KEY FOB , FRONT  DOOR ",12,2009/12/17 16:58,0.65,17576,United Kingdom
532935,20969,RED FLORAL FELTCRAFT SHOULDER BAG,4,2010/11/15 12:06,3.75,16314,United Kingdom
C490996,85016,SET OF 6 VINTAGE NOTELETS KIT,-6,2009/12/8 17:23,2.55,15935,United Kingdom
497213,22379,RECYCLING BAG RETROSPOT ,10,2010/2/7 14:07,2.1,14735,United Kingdom
522748,84931B,BLUE SCOTTIE DOG W FLOWER PATTERN,1,2010/9/16 13:18,2.55,13243,United Kingdom
523326,10124A,SPOTS ON RED BOOKCOVER TAPE,3,2010/9/21 14:12,0.42,13183,United Kingdom
490488,84932D,SMALL ORIENTAL RED FOLDING STOOL,5,2009/12/6 13:07,8.5,16718,United Kingdom
517721,85068,CREAM SWEETHEART SHELF + HOOKS,4,2010/8/1 12:38,7.95,14396,United Kingdom
503869,47480,HANGING PHOTO CLIP ROPE LADDER,24,2010/4/8 11:20,1.65,17677,United Kingdom
535274,85014B,RED RETROSPOT UMBRELLA,2,2010/11/25 13:51,5.95,14415,United Kingdom
490603,21692,SILVER LATTICE VANILLA CANDLE POT,2,2009/12/7 11:05,3.75,14695,United Kingdom
527498,22629,SPACEBOY LUNCH BOX ,1,2010/10/18 12:11,1.95,15719,United Kingdom
491155,15044A,PINK PAPER PARASOL ,1,2009/12/10 9:49,6.04,,United Kingdom
491479,84997C,BLUE 3 PIECE MINI DOTS CUTLERY SET,1,2009/12/11 12:11,3.75,14680,United Kingdom
531490,22165,"DIAMANTE HEART SHAPED WALL MIRROR, ",1,2010/11/8 15:09,12.75,15005,United Kingdom
498027,21845,DAIRY MAID STRIPE MUG,6,2010/2/16 8:44,2.95,17644,United Kingdom
527155,90161D,ANT COPPER PINK BOUDICCA BRACELET,1,2010/10/15 11:22,5.09,,United Kingdom
501509,20657,TROPICAL LUGGAGE TAG,1,2010/3/17 11:37,1.25,16891,United Kingdom
492641,85123A,WHITE HANGING HEART T-LIGHT HOLDER,6,2009/12/17 16:43,2.95,13039,United Kingdom
535571,22508,DOORSTOP RETROSPOT HEART,2,2010/11/26 15:36,3.75,16904,United Kingdom
513644,21624,VINTAGE UNION JACK DOORSTOP,3,2010/6/27 15:50,5.95,17096,United Kingdom
504925,37444C,PINK BREAKFAST CUP AND SAUCER ,1,2010/4/19 10:53,5.91,,United Kingdom
504916,21844,RED RETROSPOT MUG,1,2010/4/19 10:28,5.91,,United Kingdom
493139,85128,PLANTPOT SINGLE HOOK PISTACHIO,1,2009/12/22 11:32,1.69,15311,United Kingdom
531380,21351,CINAMMON & ORANGE WREATH,4,2010/11/7 16:19,6.75,13884,United Kingdom
C508243,21535,RED RETROSPOT SMALL MILK JUG,-1,2010/5/13 19:59,2.55,13856,United Kingdom
498510,21508,VINTAGE KID DOLLY CARD ,12,2010/2/19 11:54,0.42,13929,United Kingdom
532965,22616,PACK OF 12 LONDON TISSUES ,6,2010/11/15 12:50,0.29,15466,United Kingdom
517547,21937,STRAWBERRY   PICNIC BAG,5,2010/7/29 17:22,2.95,14235,United Kingdom
531302,21251,DINOSAUR HEIGHT CHART STICKER SET,2,2010/11/7 12:03,2.95,16904,United Kingdom
491812,21849,SILVER DIAMANTE PEN IN GIFT BOX,24,2009/12/14 13:23,1.25,13694,United Kingdom
489856,85226A,WHITE/BLUE PULL BACK RACING CAR,1,2009/12/2 14:36,1.7,,United Kingdom
491924,79320, FLAMINGO LIGHTS,2,2009/12/14 15:31,4.95,17364,United Kingdom
529727,22454,MEASURING TAPE BABUSHKA RED,1,2010/10/29 14:12,5.91,,United Kingdom
519591,22413,METAL SIGN TAKE IT OR LEAVE IT ,2,2010/8/18 14:32,2.95,15972,United Kingdom
509197,22470,HEART OF WICKER LARGE,4,2010/5/20 19:29,2.95,13291,United Kingdom
533974,84670,JAPANESE CROCHETED ANIMAL,1,2010/11/19 13:24,0.42,15483,United Kingdom
529531,21588,RETROSPOT GIANT TUBE MATCHES,2,2010/10/28 16:23,2.55,15571,United Kingdom
498899,84691,PACK 20 DOLLY PEGS,2,2010/2/23 13:55,0.85,13772,United Kingdom
537254,20975,12 PENCILS SMALL TUBE RED RETROSPOT,4,2010/12/6 11:01,0.65,15898,United Kingdom
507838,21655,HANGING RIDGE GLASS T-LIGHT HOLDER,1,2010/5/11 13:30,1.69,15034,United Kingdom
512779,22605,WOODEN CROQUET GARDEN SET,2,2010/6/17 17:51,12.75,15023,United Kingdom
520710,21931,JUMBO STORAGE BAG SUKI,10,2010/8/29 13:11,1.95,14388,United Kingdom
495711,21658,GLASS  BEURRE DISH,2,2010/1/26 13:40,3.95,13097,United Kingdom
527304,21733,RED HANGING HEART T-LIGHT HOLDER,2,2010/10/15 14:35,2.95,17316,United Kingdom
528732,22067,CHOC TRUFFLE GOLD TRINKET POT ,12,2010/10/24 13:46,1.65,13948,United Kingdom
537463,21224,SET/4 SKULL BADGES,10,2010/12/7 10:08,1.25,12681,France
531344,22752,SET 7 BABUSHKA NESTING BOXES,5,2010/11/7 13:10,8.5,17218,United Kingdom
515353,21643,ASSORTED TUTTI FRUTTI MIRROR,2,2010/7/12 10:54,2.51,,United Kingdom
527933,22580,ADVENT CALENDAR GINGHAM SACK,3,2010/10/19 13:34,5.95,13840,United Kingdom
503156,21614,SET OF 12 ROSE BOTANICAL T-LIGHTS,1,2010/3/30 12:36,2.95,15862,United Kingdom
534187,82482,WOODEN PICTURE FRAME WHITE FINISH,2,2010/11/21 14:10,2.55,16501,United Kingdom
511848,21975,PACK OF 60 DINOSAUR CAKE CASES,4,2010/6/10 18:50,0.55,17180,United Kingdom
518950,22208,WOOD STAMP SET THANK YOU,12,2010/8/12 15:06,1.65,15296,United Kingdom
531231,21407,BROWN CHECK CAT DOORSTOP ,6,2010/11/5 17:24,4.25,,EIRE
519670,85150,LADIES & GENTLEMEN METAL SIGN,2,2010/8/19 12:18,5.06,,United Kingdom
513796,22078,RIBBON REEL LACE DESIGN ,10,2010/6/28 15:57,2.1,12799,Japan
C503366,37447,CERAMIC CAKE DESIGN SPOTTED PLATE,-2,2010/3/31 14:20,1.25,15311,United Kingdom
524864,22756,LARGE YELLOW BABUSHKA NOTEBOOK ,12,2010/10/1 9:02,1.25,14564,Channel Islands
494946,22151,PLACE SETTING WHITE HEART,3,2010/1/20 10:48,0.42,16727,United Kingdom
511105,20681,PINK SPOTTY CHILDS UMBRELLA,6,2010/6/7 9:37,3.25,13815,Germany
494017,20717,STRAWBERRY SHOPPER BAG,1,2010/1/11 9:37,2.57,,United Kingdom
517977,22549,PICTURE DOMINOES,1,2010/8/3 14:23,1.45,16938,United Kingdom
534623,20996,JAZZ HEARTS ADDRESS BOOK,4,2010/11/23 12:48,0.42,15506,United Kingdom
510519,84406B,CREAM CUPID HEARTS COAT HANGER,1,2010/6/1 13:49,6.77,,United Kingdom
518274,21744,SNOWFLAKE PORTABLE TABLE LIGHT ,4,2010/8/6 9:41,2.95,,United Kingdom
534244,21533,RETROSPOT LARGE MILK JUG,2,2010/11/22 10:59,4.95,16972,United Kingdom
528741,21755,LOVE BUILDING BLOCK WORD,5,2010/10/24 14:08,5.95,15665,United Kingdom
495016,84990,60 GOLD AND SILVER FAIRY CAKE CASES,1,2010/1/20 13:10,0.55,14649,United Kingdom
503713,72008,FROSTED BOX 9 WHITE T-LIGHT CANDLES,36,2010/4/6 14:39,0.42,14265,Unspecified
519887,21974,SET OF 36 PAISLEY FLOWER DOILIES,12,2010/8/22 12:03,1.45,18260,United Kingdom
495957,21975,PACK OF 60 DINOSAUR CAKE CASES,24,2010/1/28 9:27,0.55,17695,United Kingdom
527047,22158,3 HEARTS HANGING DECORATION RUSTIC,8,2010/10/14 12:48,2.95,15827,United Kingdom
521450,22439,6 ROCKET BALLOONS ,24,2010/9/6 11:32,0.65,14442,Channel Islands
519864,20819,SILVER TEDDY BEAR,1,2010/8/20 15:32,3.75,16401,United Kingdom
526638,21430,SET/3 RED GINGHAM ROSE STORAGE BOX,1,2010/10/12 13:19,7.62,,United Kingdom
532799,22667,RECIPE BOX RETROSPOT ,1,2010/11/14 14:49,2.95,14599,United Kingdom
498780,22188,BLACK HEART CARD HOLDER,1,2010/2/23 10:50,8.47,,United Kingdom
514866,22534,MAGIC DRAWING SLATE SPACEBOY ,48,2010/7/7 9:42,0.42,14016,EIRE
536781,22865,HAND WARMER OWL DESIGN,24,2010/12/2 15:14,2.1,17460,United Kingdom
498093,75049L,LARGE CIRCULAR MIRROR MOBILE,192,2010/2/16 12:42,0.85,15372,United Kingdom
527285,20686,DOLLY MIXTURE CHILDREN'S UMBRELLA,4,2010/10/15 13:47,3.25,17822,United Kingdom
532282,22771,CLEAR DRAWER KNOB ACRYLIC EDWARDIAN,24,2010/11/11 13:08,1.25,14680,United Kingdom
518405,22690,DOORMAT HOME SWEET HOME BLUE ,10,2010/8/8 14:11,6.35,17139,United Kingdom
515420,22550,HOLIDAY FUN LUDO,6,2010/7/12 13:15,3.75,17365,United Kingdom
500353,21873,IF YOU CAN'T STAND THE HEAT MUG,12,2010/3/7 15:25,1.25,12668,Germany
494643,17109A,FLOWER FAIRY INCENSE LILY,144,2010/1/17 11:55,0.38,13694,United Kingdom
527942,82482,WOODEN PICTURE FRAME WHITE FINISH,6,2010/10/19 14:30,2.55,14469,United Kingdom
532755,22866,HAND WARMER SCOTTY DOG DESIGN,2,2010/11/14 13:38,2.1,17288,United Kingdom
501806,85039A,SET/4 RED MINI ROSE CANDLE IN BOWL,6,2010/3/19 14:02,1.65,17673,United Kingdom
524087,21198,WHITE HEART CONFETTI IN TUBE,3,2010/9/27 11:41,3.36,,United Kingdom
530812,22272,FELTCRAFT DOLL MARIA,1,2010/11/4 13:05,2.95,15860,United Kingdom
527504,20829,GLITTER HANGING BUTTERFLY STRING,8,2010/10/18 12:24,2.1,16996,United Kingdom
537219,22818,CARD CHRISTMAS VILLAGE,36,2010/12/5 15:47,0.42,14081,United Kingdom
491700,21206,STRAWBERRY HONEYCOMB  GARLAND ,4,2009/12/13 13:39,1.65,17802,United Kingdom
530509,22384,LUNCH BAG PINK POLKADOT,10,2010/11/3 12:07,1.65,16779,United Kingdom
494387,DOT,DOTCOM POSTAGE,1,2010/1/14 9:46,252.48,,United Kingdom
513615,21907,I'M ON HOLIDAY METAL SIGN,1,2010/6/27 12:25,2.1,15998,United Kingdom
501010,22195,LARGE HEART MEASURING SPOONS,3,2010/3/11 15:33,1.65,13715,United Kingdom
506869,22090,PAPER BUNTING RETRO SPOTS,1,2010/5/4 15:45,5.91,,United Kingdom
499973,82494L,WOODEN FRAME ANTIQUE WHITE ,3,2010/3/3 14:42,2.95,13595,United Kingdom
537126,22440,BALLOON WATER BOMB PACK OF 35,1,2010/12/5 12:13,0.42,18118,United Kingdom
498363,85099B,JUMBO BAG RED WHITE SPOTTY ,10,2010/2/18 13:42,1.95,14952,United Kingdom
516146,22381,TOY TIDY PINK RETROSPOT  ,3,2010/7/16 17:58,4.21,,United Kingdom
537799,22942,CHRISTMAS LIGHTS 10 SANTAS ,2,2010/12/8 13:07,8.5,15916,United Kingdom
529990,22119,PEACE WOODEN BLOCK LETTERS,1,2010/10/31 16:16,6.95,14505,United Kingdom
503144,21955,DOOR MAT UNION JACK GUNS AND ROSES,1,2010/3/30 12:13,7.49,14505,United Kingdom
491630,22166,"WALL MIRROR , RECT DIAMANTE, PINK/",2,2009/12/11 14:39,7.95,17851,United Kingdom
492269,84559B,3D SHEET OF CAT STICKERS,12,2009/12/16 11:23,0.85,17677,United Kingdom
490522,21770,OPEN CLOSED METAL SIGN,2,2009/12/6 15:31,4.95,15641,United Kingdom
534839,20782,CAMOUFLAGE EAR MUFF HEADPHONES,1,2010/11/24 13:13,5.49,15889,United Kingdom
534839,20782,CAMOUFLAGE EAR MUFF HEADPHONES,1,2010/11/24 13:13,5.49,15889,United Kingdom
500502,21669,BLUE STRIPE CERAMIC DRAWER KNOB,12,2010/3/8 13:37,1.25,17025,United Kingdom
490074,84836,ZINC METAL HEART DECORATION,1,2009/12/3 14:39,2.57,,United Kingdom
513372,22320,BIRDS MOBILE VINTAGE DESIGN,3,2010/6/24 11:35,5.95,14911,EIRE
508036,84795D,,23,2010/5/12 12:07,0,,United Kingdom
506452,84527,FLAMES SUNGLASSES PINK LENSES,1,2010/4/29 18:31,1.95,15709,United Kingdom
510772,85017C,ENVELOPE 50 CURIOUS IMAGES,1,2010/6/3 14:02,0.81,,United Kingdom
519203,84596G,SMALL CHOCOLATES PINK BOWL,8,2010/8/15 10:41,1.25,15898,United Kingdom
524726,72741,GRAND CHOCOLATECANDLE,27,2010/9/30 14:19,1.45,15736,United Kingdom
535827,22169,FAMILY ALBUM WHITE PICTURE FRAME,2,2010/11/29 9:22,8.5,16235,United Kingdom
536161,20655,QUEEN OF SKIES LUGGAGE TAG,1,2010/11/30 12:05,1.25,18118,United Kingdom
C517466,90062,CARNIVAL BRACELET,-2,2010/7/29 11:46,12.75,13288,United Kingdom
530427,22734,SET OF 6 RIBBONS VINTAGE CHRISTMAS,2,2010/11/3 10:28,2.55,17894,United Kingdom
528145,22271,FELTCRAFT DOLL ROSIE,1,2010/10/20 15:56,5.91,,United Kingdom
496770,79303D,LILAC FLOWER BLOCK TABLE LAMP,2,2010/2/3 15:19,2.95,15015,United Kingdom
525981,21867,PINK UNION JACK  LUGGAGE TAG,12,2010/10/8 11:02,1.25,13001,United Kingdom
491966,90133,TEAL/FUSCHIA COL BEAD NECKLACE,1,2009/12/14 17:16,5.2,,United Kingdom
524999,21212,PACK OF 72 RETROSPOT CAKE CASES,1,2010/10/1 17:34,1.28,,United Kingdom
521469,21531,RED RETROSPOT SUGAR JAM BOWL,2,2010/9/6 11:57,2.55,16255,United Kingdom
530836,82486,WOOD S/3 CABINET ANT WHITE FINISH,2,2010/11/4 13:50,7.95,14198,United Kingdom
524184,22579,WOODEN TREE CHRISTMAS SCANDINAVIAN,1,2010/9/27 17:15,0.85,14030,United Kingdom
531910,22584,PACK OF 6 PANNETONE GIFT BOXES,12,2010/11/10 12:06,2.55,13078,United Kingdom
C493576,20989,URBAN CHIC CHOPSTICKS SET/5,-2,2010/1/5 11:13,1.95,,United Kingdom
C536242,79191C,RETRO PLASTIC ELEPHANT TRAY,-12,2010/11/30 14:39,0.85,12705,Germany
522711,M,Manual,5,2010/9/16 11:40,0.16,17348,United Kingdom
522711,M,Manual,5,2010/9/16 11:40,0.16,17348,United Kingdom
521974,47591B,SCOTTIES CHILDRENS APRON,2,2010/9/9 19:56,1.65,15861,United Kingdom
509750,82600,NO SINGING METAL SIGN,1,2010/5/25 14:05,4.21,,United Kingdom
537381,85038,6 CHOCOLATE LOVE HEART T-LIGHTS,6,2010/12/6 13:13,2.1,14667,United Kingdom
508736,22314,OFFICE MUG WARMER CHOC+BLUE,2,2010/5/18 10:50,4.95,14304,United Kingdom
493865,82599,FANNY'S REST STOPMETAL SIGN,12,2010/1/7 16:57,2.1,15808,United Kingdom
515423,22080,RIBBON REEL SPOTS DESIGN ,5,2010/7/12 13:26,1.65,17143,United Kingdom
499387,22073,RETRO SPOT STORAGE JAR,5,2010/2/26 12:41,3.75,14680,United Kingdom
532616,85048,15CM CHRISTMAS GLASS BALL 20 LIGHTS,1,2010/11/12 15:22,16.98,,United Kingdom
498441,15060B,FAIRY CAKE DESIGN UMBRELLA,1,2010/2/19 9:37,8.47,,United Kingdom
530334,21755,LOVE BUILDING BLOCK WORD,4,2010/11/2 14:01,5.95,18170,United Kingdom
502972,21523,DOOR MAT FANCY FONT HOME SWEET HOME,1,2010/3/29 14:52,13.57,,United Kingdom
494012,90209C,PINK ENAMEL+GLASS HAIR COMB,2,2010/1/11 9:31,2.16,,United Kingdom
530427,20983,12 PENCILS TALL TUBE RED RETROSPOT,1,2010/11/3 10:28,0.85,17894,United Kingdom
518015,22196,SMALL HEART MEASURING SPOONS,24,2010/8/4 10:52,0.85,15095,United Kingdom
494685,90129B,TURQUOISE GLASS TASSLE BAG CHARM ,1,2010/1/18 11:39,1.66,,United Kingdom
500385,21259,VICTORIAN SEWING BOX SMALL ,6,2010/3/8 10:49,5.95,14290,United Kingdom
533379,22034,ROBIN CHRISTMAS CARD,12,2010/11/17 10:44,0.42,14049,United Kingdom
531477,84029E,RED WOOLLY HOTTIE WHITE HEART.,2,2010/11/8 14:19,3.75,13538,United Kingdom
